ID,sensor,tiempo,actividad,evento,exito
397,0,21228,1,0,0
397,1,22590,1,0,0
399,0,22286,1,0,0
399,1,23505,1,0,0
400,0,24314,1,0,0
400,1,25585,1,0,0
398,0,29180,1,0,0
398,1,30686,1,0,0
398,1,358735,2,0,0
398,1,358832,3,0,0
398,1,358933,4,0,0
398,1,359041,5,1,0
398,1,359145,6,1,0
398,1,359244,7,1,0
398,0,369996,2,0,0
398,0,370081,3,0,0
398,0,370174,4,0,0
398,0,371064,5,1,1
398,0,371153,6,1,1
398,0,371258,7,1,1
398,0,371362,8,1,1
397,1,375059,2,0,0
397,1,375153,3,0,0
397,1,375250,4,0,0
397,1,376158,5,1,1
397,1,376190,6,1,1
397,1,376296,7,1,1
397,1,376418,8,1,1
397,1,376531,9,1,1
397,1,376645,10,1,1
397,1,376766,11,1,1
397,1,376899,12,1,1
397,1,377009,13,1,1
397,0,379565,2,0,0
397,0,379660,3,0,0
397,0,379753,4,0,0
397,0,380657,5,1,1
397,0,380747,6,1,1
397,0,380873,7,1,1
397,0,380986,8,1,1
397,0,381104,9,1,1
397,0,381217,10,1,1
397,0,381330,11,1,1
397,0,381448,12,1,1
397,0,381570,13,1,1
397,0,381686,14,1,1
397,0,381808,15,1,1
397,0,381954,16,1,1
397,0,382074,17,1,1
397,0,382191,18,1,1
397,0,382309,19,1,1
397,0,382427,20,1,1
397,0,382547,21,1,1
397,0,382669,22,1,1
400,1,383554,2,0,0
400,1,383636,3,0,0
400,1,383722,4,0,0
400,1,383807,5,1,0
400,1,383893,6,1,0
400,1,383986,7,1,0
400,1,384089,8,1,0
400,1,384189,9,1,0
400,1,384290,10,1,0
400,1,384396,11,1,0
400,1,384505,12,1,0
400,1,384614,13,1,0
397,0,393918,23,1,1
397,0,394008,24,1,1
397,0,394106,25,1,1
397,0,394208,26,1,1
397,0,394309,27,1,1
397,0,394419,28,1,1
397,0,394528,29,1,1
397,0,394642,30,1,1
397,0,394760,31,1,1
397,0,394873,32,1,1
397,0,394994,33,1,1
397,0,395108,34,1,1
397,0,395230,35,1,1
397,0,395346,36,1,1
397,0,395467,37,1,1
397,0,395585,38,1,1
397,0,395703,39,1,1
397,0,395821,40,1,1
397,0,395933,41,1,1
397,0,396059,42,1,1
397,0,396173,43,1,1
397,0,396290,44,1,1
397,0,396407,45,1,1
397,0,396524,46,1,1
397,0,396638,47,1,1
397,0,396755,48,1,1
397,0,396869,49,1,1
397,0,396987,50,1,1
398,0,394700,9,1,1
397,0,397350,51,1,1
398,0,394874,10,1,1
397,0,397456,52,1,1
398,0,395060,11,1,1
398,0,395156,12,1,1
398,0,396054,13,2,2
398,0,396086,14,2,2
398,0,396197,15,2,2
398,0,396302,16,2,2
398,0,396414,17,2,2
398,0,396526,18,2,2
398,0,396642,19,2,2
398,0,396742,20,2,2
398,0,396854,21,2,2
398,0,396962,22,2,2
398,0,397066,23,2,2
398,0,397393,24,2,2
398,0,397502,25,2,2
398,0,397618,26,2,2
398,0,397729,27,2,2
398,0,397962,28,2,2
398,0,398166,29,2,2
398,0,398189,30,2,2
398,0,398429,31,2,2
398,0,398532,32,2,2
398,0,398663,33,2,2
399,0,397855,2,0,0
399,0,397939,3,0,0
398,0,398783,34,2,2
399,0,398027,4,0,0
398,0,398899,35,2,2
398,0,399010,36,2,2
398,0,399122,37,2,2
398,0,399239,38,2,2
398,0,399363,39,2,2
398,0,399485,40,2,2
398,0,399594,41,2,2
398,0,399706,42,2,2
398,0,399817,43,2,2
399,0,399011,5,1,1
398,0,399933,44,2,2
398,0,400049,45,2,2
398,0,400280,46,2,2
398,0,400393,47,2,2
399,1,410255,2,0,0
399,1,410347,3,0,0
399,1,410449,4,0,0
397,0,413975,53,1,1
397,0,414109,54,1,1
397,0,414301,55,1,1
397,0,414418,56,1,1
399,1,411351,5,1,1
397,0,415341,57,2,2
397,0,415448,58,2,2
397,1,416833,14,1,1
397,1,416927,15,1,1
397,1,417048,16,1,1
397,1,418058,17,1,1
400,0,414347,2,0,0
400,0,414425,3,0,0
400,0,414514,4,0,0
397,1,418997,18,2,2
400,0,415413,5,1,1
397,0,424391,59,2,2
397,0,424473,60,2,2
397,0,424563,61,2,2
397,0,424653,62,2,2
397,0,424755,63,2,2
397,0,424853,64,2,2
397,0,424958,65,2,2
397,0,425061,66,2,2
397,0,425166,67,2,2
397,0,425272,68,2,2
397,0,425366,69,2,2
400,0,421918,6,1,1
400,0,421981,7,1,1
400,0,422059,8,1,1
400,0,422153,9,1,1
400,0,422243,10,1,1
399,1,426207,6,1,1
399,1,426303,7,1,1
399,1,426390,8,1,1
398,0,430370,48,2,2
398,0,430456,49,2,2
398,0,430533,50,2,2
398,0,430621,51,2,2
400,0,429685,11,1,1
400,0,429764,12,1,1
398,0,431520,52,3,3
400,0,429850,13,1,1
400,0,429943,14,1,1
400,0,430041,15,1,1
400,0,430131,16,1,1
399,0,432349,6,1,1
399,0,432425,7,1,1
399,0,432471,8,1,1
399,0,432513,9,1,1
399,0,433405,10,2,2
399,0,433507,11,2,2
397,1,440352,19,2,2
397,1,440451,20,2,2
397,1,440556,21,2,2
397,1,440658,22,2,2
397,1,441570,23,3,3
399,0,440485,12,2,2
399,0,440569,13,2,2
399,0,440652,14,2,2
399,0,440736,15,2,2
399,0,440828,16,2,2
399,0,440920,17,2,2
399,0,441023,18,2,2
399,0,441125,19,2,2
399,0,441229,20,2,2
399,0,441335,21,2,2
399,0,441544,22,2,2
397,1,445853,24,3,3
397,1,445946,25,3,3
397,1,446045,26,3,3
397,1,446142,27,3,3
397,1,446236,28,3,3
399,0,453486,23,2,2
399,0,453601,24,2,2
399,0,453684,25,2,2
399,1,457109,9,1,1
399,1,457193,10,1,1
399,1,457288,11,1,1
399,1,457383,12,1,1
400,0,460281,17,1,1
400,0,460370,18,1,1
400,0,460461,19,1,1
400,0,460558,20,1,1
400,0,461469,21,2,2
398,0,465675,53,3,3
398,0,466260,54,3,3
398,0,466566,55,3,3
398,0,466769,56,3,3
398,0,467885,57,4,4
398,0,467935,58,4,4
398,0,468055,59,4,4
398,0,468162,60,4,4
398,0,468267,61,4,4
398,0,468375,62,4,4
398,0,468478,63,4,4
398,0,468590,64,4,4
398,0,468810,65,4,4
398,0,468919,66,4,4
398,0,469120,67,4,4
398,0,469231,68,4,4
398,0,469331,69,4,4
398,0,469436,70,4,4
398,0,469641,71,4,4
397,1,473116,29,3,3
397,1,473206,30,3,3
397,1,473305,31,3,3
397,1,473406,32,3,3
397,1,474313,33,4,4
399,0,472534,26,2,2
399,0,473423,27,3,3
397,0,478653,70,2,2
397,0,478743,71,2,2
397,0,478837,72,2,2
397,0,478936,73,2,2
397,0,479846,74,3,3
397,0,479894,75,3,3
400,1,483078,14,1,0
400,1,483144,15,1,0
400,1,483207,16,1,0
400,1,483328,17,1,0
400,1,484582,18,2,1
400,1,484602,19,2,1
400,1,484856,20,2,1
400,1,484958,21,2,1
400,1,485082,22,2,1
400,1,485370,23,2,1
400,1,485465,24,2,1
400,1,485590,25,2,1
400,1,485706,26,2,1
400,1,485815,27,2,1
400,1,486255,28,2,1
400,1,487292,29,2,1
400,1,487394,30,2,1
397,1,491988,34,4,4
400,1,487512,31,2,1
397,1,492079,35,4,4
397,1,492176,36,4,4
397,1,492271,37,4,4
400,1,487777,32,2,1
397,1,492372,38,4,4
400,1,487898,33,2,1
397,1,492478,39,4,4
400,1,488018,34,2,1
397,1,492592,40,4,4
400,1,488143,35,2,1
397,1,492697,41,4,4
397,1,492803,42,4,4
400,1,488424,36,2,1
400,1,488528,37,2,1
400,1,488673,38,2,1
400,1,489191,39,2,1
400,1,489559,40,2,1
400,1,489831,41,2,1
400,1,489948,42,2,1
400,1,490103,43,2,1
400,1,490407,44,2,1
400,1,490528,45,2,1
400,1,490607,46,2,1
400,1,492334,47,2,1
400,1,492435,48,2,1
398,1,494819,8,1,0
398,1,494923,9,1,0
398,1,495031,10,1,0
398,1,495127,11,1,0
398,1,496041,12,2,1
399,1,499343,13,2,2
399,1,499387,14,2,2
399,1,499497,15,2,2
399,1,499607,16,2,2
399,1,499718,17,2,2
399,1,499835,18,2,2
399,1,499992,19,2,2
399,1,500049,20,2,2
399,1,500179,21,2,2
399,1,500220,22,2,2
399,1,500271,23,2,2
399,1,500426,24,2,2
399,1,500510,25,2,2
399,1,500727,26,2,2
399,1,500834,27,2,2
399,1,501051,28,2,2
399,1,501161,29,2,2
399,1,501269,30,2,2
399,1,501500,31,2,2
399,1,501737,32,2,2
399,1,501851,33,2,2
399,1,501954,34,2,2
399,1,502065,35,2,2
399,1,502297,36,2,2
399,1,502415,37,2,2
399,1,502534,38,2,2
399,1,502644,39,2,2
399,1,502876,40,2,2
399,1,502986,41,2,2
399,1,503048,42,2,2
399,1,503101,43,2,2
399,1,503234,44,2,2
399,1,503360,45,2,2
399,1,503478,46,2,2
399,1,503588,47,2,2
399,1,503699,48,2,2
399,1,503810,49,2,2
399,1,503927,50,2,2
398,0,505754,72,4,4
398,0,505896,73,4,4
398,0,505977,74,4,4
398,0,506078,75,4,4
398,0,506973,76,5,5
399,0,507756,28,3,3
397,0,511434,76,3,3
397,0,511524,77,3,3
397,0,511614,78,3,3
399,0,508022,29,3,3
397,0,511709,79,3,3
397,0,512615,80,4,4
400,0,515449,22,2,2
400,0,515660,23,2,2
400,0,515836,24,2,2
400,0,516007,25,2,2
400,0,516911,26,3,3
400,0,518093,27,3,3
400,0,518230,28,3,3
397,1,524777,43,4,4
397,1,524875,44,4,4
397,1,524977,45,4,4
397,1,525082,46,4,4
397,1,525989,47,5,5
399,0,523950,30,3,3
399,0,524186,31,3,3
399,0,525182,32,4,4
399,0,535742,33,4,4
398,0,538726,77,5,5
397,1,549087,48,5,5
397,1,549173,49,5,5
397,1,549267,50,5,5
397,1,549361,51,5,5
397,1,550268,52,6,6
398,0,547733,78,5,5
398,0,547822,79,5,5
398,0,547980,80,5,5
400,1,550851,49,2,1
400,1,550992,50,2,1
400,1,551070,51,2,1
400,1,551382,52,2,1
400,1,552289,53,3,2
400,1,553241,54,3,2
400,1,553339,55,3,2
400,1,553440,56,3,2
400,1,553545,57,3,2
400,1,553651,58,3,2
400,1,553763,59,3,2
400,1,554021,60,3,2
400,1,554142,61,3,2
400,1,554263,62,3,2
400,1,554524,63,3,2
397,1,569651,53,6,6
397,1,569752,54,6,6
397,1,569846,55,6,6
397,1,569948,56,6,6
397,1,570855,57,7,7
397,1,570973,58,7,7
397,1,571082,59,7,7
397,1,571203,60,7,7
397,1,571317,61,7,7
397,1,571435,62,7,7
397,1,571571,63,7,7
397,1,571688,64,7,7
397,1,571806,65,7,7
397,1,571931,66,7,7
397,1,572053,67,7,7
397,1,572170,68,7,7
397,1,572299,69,7,7
400,0,575098,29,3,3
400,0,575262,30,3,3
400,0,575394,31,3,3
400,0,575483,32,3,3
400,0,576388,33,4,4
399,1,582565,51,2,2
399,1,582653,52,2,2
399,1,582746,53,2,2
399,1,582824,54,2,2
399,1,583721,55,3,3
399,1,583816,56,3,3
398,0,584689,81,6,6
399,1,583918,57,3,3
398,0,584798,82,6,6
398,0,585007,83,6,6
398,0,585114,84,6,6
398,0,585219,85,6,6
398,0,585431,86,6,6
398,0,585531,87,6,6
398,0,585648,88,6,6
398,0,585871,89,6,6
398,0,585971,90,6,6
398,0,586087,91,6,6
397,0,589672,81,4,4
397,0,589755,82,4,4
397,0,589845,83,4,4
397,0,589939,84,4,4
399,1,586482,58,3,3
399,1,586559,59,3,3
399,1,586654,60,3,3
399,1,586787,61,3,3
399,1,586848,62,3,3
399,1,586947,63,3,3
397,0,590845,85,5,5
399,1,587046,64,3,3
399,1,587130,65,3,3
399,1,587210,66,3,3
399,1,589028,67,3,3
399,1,591861,68,3,3
399,1,591969,69,3,3
399,1,592029,70,3,3
399,1,592060,71,3,3
399,1,592151,72,3,3
399,1,592246,73,3,3
399,1,592349,74,3,3
399,1,592665,75,3,3
399,1,594262,76,3,3
397,1,598366,70,7,7
398,1,595387,13,2,1
397,1,598456,71,7,7
398,1,595487,14,2,1
397,1,598553,72,7,7
397,1,598651,73,7,7
398,1,595618,15,2,1
398,1,595731,16,2,1
398,1,595858,17,3,1
398,1,595982,18,3,1
398,1,596089,19,3,1
398,1,596213,20,3,1
397,1,599559,74,8,8
398,1,596564,21,3,1
398,1,596653,22,3,1
398,1,596746,23,3,1
398,1,596857,24,3,1
398,1,596966,25,3,1
398,0,610471,92,6,6
398,0,610711,93,6,6
398,0,610799,94,6,6
398,0,610896,95,6,6
399,0,610309,34,4,4
397,1,614394,75,8,8
397,1,614489,76,8,8
397,1,614586,77,8,8
397,1,614687,78,8,8
397,1,614790,79,8,8
398,0,611806,96,7,7
397,1,614899,80,8,8
398,0,611850,97,7,7
397,1,615012,81,8,8
398,0,611961,98,7,7
397,1,615130,82,8,8
398,0,612073,99,7,7
397,1,615239,83,8,8
398,0,612173,100,7,7
397,1,615353,84,8,8
398,0,612293,101,7,7
397,1,615475,85,8,8
398,0,612405,102,7,7
397,1,615592,86,8,8
398,0,612516,103,7,7
399,0,611687,35,4,4
397,1,615709,87,8,8
398,0,612625,104,7,7
397,1,615831,88,8,8
398,0,612745,105,7,7
399,0,611935,36,4,4
398,0,612961,106,7,7
398,0,613068,107,7,7
398,0,613185,108,7,7
398,0,613293,109,7,7
399,0,613843,37,4,4
399,0,614749,38,5,5
397,0,628605,86,5,5
397,0,628762,87,5,5
397,0,628855,88,5,5
397,0,628950,89,5,5
397,0,629975,90,6,6
399,1,627385,77,3,3
399,1,627480,78,3,3
399,1,627522,79,3,3
399,1,627571,80,3,3
397,0,644471,91,6,6
399,0,646549,39,5,5
399,0,647133,40,5,5
399,0,647434,41,5,5
399,0,647647,42,5,5
397,1,663851,89,8,8
397,1,663944,90,8,8
397,1,664042,91,8,8
397,1,664139,92,8,8
397,1,665043,93,9,9
397,1,665446,94,9,9
397,1,669773,95,9,9
397,1,669859,96,9,9
397,1,669962,97,9,9
397,1,670059,98,9,9
397,1,670160,99,9,9
397,1,670278,100,9,9
397,1,670380,101,9,9
397,1,670509,102,9,9
397,1,670607,103,9,9
400,1,668087,64,3,2
400,1,668220,65,3,2
400,1,668305,66,3,2
400,1,668395,67,3,2
400,1,669295,68,4,3
398,0,674818,110,7,7
398,0,674992,111,7,7
398,0,675165,112,7,7
398,0,675269,113,7,7
398,0,676171,114,8,8
398,0,676214,115,8,8
398,0,676345,116,8,8
398,0,676450,117,8,8
398,0,676550,118,8,8
398,0,676662,119,8,8
398,0,676770,120,8,8
398,0,676890,121,8,8
398,0,677122,122,8,8
398,0,677349,123,8,8
398,0,677457,124,8,8
398,0,677569,125,8,8
398,0,677669,126,8,8
398,0,677789,127,8,8
397,1,686588,104,9,9
397,1,686687,105,9,9
397,1,686784,106,9,9
397,1,686882,107,9,9
397,1,687790,108,10,10
400,0,696694,34,4,4
400,0,696866,35,4,4
400,0,697046,36,4,4
397,1,706159,109,10,10
397,1,706245,110,10,10
397,1,706327,111,10,10
397,1,706421,112,10,10
397,1,706519,113,10,10
397,1,706625,114,10,10
397,1,706735,115,10,10
397,1,706848,116,10,10
397,1,706958,117,10,10
397,1,707072,118,10,10
397,1,707192,119,10,10
397,1,707305,120,10,10
399,0,712323,43,6,6
397,1,718981,121,10,10
397,1,719877,122,11,11
397,1,719931,123,11,11
400,0,716795,37,4,4
400,0,717679,38,5,5
398,0,728283,128,8,8
398,0,728371,129,8,8
398,0,728529,130,8,8
398,0,728626,131,8,8
397,1,732573,124,11,11
397,1,732663,125,11,11
397,1,732756,126,11,11
397,1,732855,127,11,11
398,0,729528,132,9,9
397,1,732964,128,11,11
398,0,729663,133,9,9
397,1,733070,129,11,11
398,0,729783,134,9,9
397,1,733188,130,11,11
398,0,729880,135,9,9
397,1,733300,131,11,11
397,1,733414,132,11,11
398,0,730092,136,9,9
397,1,733532,133,11,11
398,0,730208,137,9,9
398,0,730323,138,9,9
398,0,730432,139,9,9
398,0,730548,140,9,9
398,0,730740,141,9,9
398,1,737078,26,3,1
398,1,737174,27,3,1
398,1,737283,28,3,1
397,1,744455,134,11,11
397,1,744545,135,11,11
397,1,744646,136,11,11
397,1,744740,137,11,11
397,1,745652,138,12,12
399,1,741757,81,4,4
399,1,741821,82,4,4
399,1,741916,83,4,4
399,1,741981,84,4,4
399,1,742030,85,4,4
399,1,742140,86,4,4
399,1,742244,87,4,4
399,1,742316,88,4,4
399,1,742358,89,4,4
399,1,742472,90,4,4
399,1,742579,91,4,4
399,1,742689,92,4,4
399,1,742804,93,4,4
399,1,742910,94,4,4
399,1,743139,95,4,4
399,1,743245,96,4,4
399,1,743455,97,4,4
400,1,742772,69,4,3
400,1,742866,70,4,3
399,1,743688,98,4,4
400,1,742951,71,4,3
399,1,743779,99,4,4
400,1,743049,72,4,3
400,1,743146,73,5,3
399,1,744000,100,4,4
397,1,752409,139,12,12
397,1,752494,140,12,12
397,1,752584,141,12,12
397,1,752683,142,12,12
397,1,752780,143,12,12
397,1,752878,144,12,12
397,1,752984,145,12,12
397,1,753089,146,12,12
397,1,753199,147,12,12
397,1,753312,148,12,12
399,1,756648,101,4,4
399,1,756770,102,4,4
399,1,756877,103,4,4
397,0,761344,92,6,6
399,1,764214,104,4,4
399,1,764302,105,4,4
400,1,767522,74,5,3
400,1,767620,75,5,3
400,1,767950,76,5,3
400,1,768072,77,5,3
400,1,768975,78,6,4
400,1,769487,79,6,4
400,1,769596,80,6,4
400,1,769697,81,6,4
400,1,769803,82,6,4
400,1,769912,83,6,4
400,1,770017,84,6,4
400,1,770130,85,6,4
397,1,776426,149,12,12
397,1,776637,150,12,12
399,1,774393,106,4,4
399,1,774644,107,4,4
399,1,775546,108,5,5
397,1,783023,151,12,12
397,1,783121,152,12,12
397,1,784020,153,13,13
400,0,782635,39,5,5
398,0,785545,142,9,9
398,0,785630,143,9,9
398,0,785707,144,9,9
398,0,785792,145,9,9
398,0,786694,146,10,10
398,0,786787,147,10,10
398,0,787003,148,10,10
398,0,787180,149,10,10
398,0,787555,150,10,10
398,0,787662,151,10,10
398,0,787760,152,10,10
398,0,787875,153,10,10
398,0,787972,154,10,10
398,0,788079,155,10,10
398,0,788188,156,10,10
398,0,790557,157,10,10
398,0,790669,158,10,10
398,0,790743,159,10,10
398,0,790839,160,10,10
398,0,790935,161,10,10
398,0,801416,162,10,10
398,0,801505,163,10,10
398,0,801590,164,10,10
398,0,801678,165,10,10
398,0,801771,166,10,10
398,0,801871,167,10,10
398,0,801972,168,10,10
398,0,802083,169,10,10
398,0,802191,170,10,10
398,0,802284,171,10,10
398,0,802377,172,10,10
398,0,802473,173,10,10
398,0,802577,174,10,10
398,0,802793,175,10,10
400,0,801883,40,5,5
400,0,801981,41,5,5
400,0,802202,42,5,5
397,1,807690,154,13,13
397,1,807855,155,13,13
397,1,808054,156,13,13
397,1,808160,157,13,13
400,0,803204,43,6,6
397,1,809071,158,14,14
397,1,830853,159,14,14
397,1,831059,160,14,14
397,1,832661,161,14,14
397,1,832822,162,14,14
397,1,833725,163,15,15
397,0,847422,93,6,6
397,0,847508,94,6,6
397,0,847677,95,6,6
397,0,848580,96,7,7
399,0,846270,44,6,6
399,0,846365,45,6,6
399,0,846449,46,6,6
399,0,846536,47,6,6
399,0,847437,48,7,7
399,0,847450,49,7,7
399,0,847550,50,7,7
399,0,847668,51,7,7
399,0,847774,52,7,7
399,0,847995,53,7,7
399,0,848113,54,7,7
399,0,848224,55,7,7
399,0,848285,56,7,7
399,0,848323,57,7,7
399,0,848442,58,7,7
399,0,848551,59,7,7
399,0,848651,60,7,7
399,0,848770,61,7,7
399,0,848894,62,7,7
399,0,848998,63,7,7
399,0,849097,64,7,7
399,0,849204,65,7,7
398,0,859750,176,10,10
398,0,859839,177,10,10
398,0,860009,178,10,10
398,0,860094,179,10,10
400,1,858565,86,6,4
400,1,858647,87,6,4
400,1,858733,88,6,4
400,1,858819,89,6,4
398,0,860999,180,11,11
398,0,861032,181,11,11
398,0,861144,182,11,11
398,0,861251,183,11,11
400,1,859718,90,7,5
398,0,861375,184,11,11
398,0,861564,185,11,11
400,1,859918,91,7,5
400,1,860027,92,7,5
398,0,861676,186,11,11
400,1,860136,93,7,5
398,0,861792,187,11,11
398,0,861903,188,11,11
400,1,860261,94,7,5
398,0,862019,189,11,11
400,0,870563,44,6,6
400,0,870765,45,6,6
400,0,870941,46,6,6
400,0,871133,47,6,6
398,1,873292,29,3,1
398,1,873389,30,4,1
398,1,873500,31,4,1
398,1,873597,32,4,1
400,0,872039,48,7,7
398,1,873694,33,4,1
398,1,873790,34,4,1
398,1,873897,35,4,1
398,1,874006,36,4,1
398,1,874106,37,4,1
398,1,874311,38,4,1
398,1,874416,39,4,1
398,1,874508,40,4,1
398,1,874612,41,4,1
398,1,874724,42,4,1
398,1,874831,43,4,1
398,1,874944,44,4,1
400,0,873304,49,7,7
398,1,875090,45,4,1
398,1,875357,46,4,1
398,1,875453,47,4,1
398,1,875557,48,4,1
398,1,875665,49,4,1
400,0,874106,50,7,7
398,1,875785,50,4,1
398,1,875909,51,4,1
400,0,874263,51,7,7
398,1,876020,52,4,1
400,0,874481,52,7,7
400,0,874884,53,7,7
399,1,876032,109,5,5
399,1,876127,110,5,5
399,1,876214,111,5,5
400,0,877172,54,7,7
400,0,877725,55,7,7
400,0,877953,56,7,7
399,0,878782,66,7,7
399,0,878866,67,7,7
399,0,878954,68,7,7
400,0,878755,57,7,7
399,0,879784,69,7,7
400,0,879247,58,7,7
400,0,879394,59,7,7
400,0,879753,60,7,7
400,0,879847,61,7,7
399,0,880677,70,8,8
400,0,879952,62,7,7
397,1,886863,164,15,15
397,1,887129,165,15,15
397,1,887317,166,15,15
397,1,887528,167,15,15
397,1,888443,168,16,16
399,1,888856,112,5,5
399,1,889741,113,6,6
399,1,891031,114,6,6
399,1,891115,115,6,6
399,1,891226,116,6,6
399,1,891317,117,6,6
399,1,891420,118,6,6
399,1,891450,119,6,6
399,1,891640,120,6,6
399,1,891724,121,6,6
399,1,891816,122,6,6
399,1,891923,123,6,6
399,1,892064,124,6,6
399,1,892121,125,6,6
399,1,892228,126,6,6
399,1,892548,127,6,6
399,1,894502,128,6,6
399,1,894602,129,6,6
397,1,900112,169,16,16
397,1,900288,170,16,16
397,1,900707,171,16,16
397,1,900934,172,16,16
398,0,911277,190,11,11
398,0,911366,191,11,11
398,0,911447,192,11,11
398,0,911604,193,11,11
398,0,912499,194,12,12
400,0,912880,63,7,7
400,0,912958,64,7,7
400,0,913036,65,7,7
400,0,913118,66,7,7
398,1,915499,53,4,1
400,0,914013,67,8,8
400,0,914077,68,8,8
398,1,916085,54,4,1
398,1,917756,55,4,1
398,1,917945,56,4,1
398,1,918095,57,5,1
398,1,918200,58,5,1
398,1,918307,59,5,1
398,1,918443,60,5,1
398,1,918558,61,5,1
398,1,918844,62,5,1
398,1,919160,63,5,1
398,1,919249,64,5,1
398,1,919361,65,5,1
398,1,919588,66,5,1
398,1,919697,67,5,1
398,1,919839,68,5,1
398,1,919983,69,5,1
398,1,920101,70,5,1
398,1,920210,71,5,1
398,1,920326,72,5,1
398,0,936668,195,12,12
398,0,936850,196,12,12
398,0,937000,197,12,12
399,0,936203,71,8,8
398,0,937189,198,12,12
398,0,938165,199,13,13
397,1,946001,173,16,16
397,1,946377,174,16,16
397,1,946592,175,16,16
397,1,946710,176,16,16
397,1,947633,177,17,17
399,1,944531,130,6,6
399,1,944619,131,6,6
399,1,944717,132,6,6
399,1,944813,133,6,6
399,1,945726,134,7,7
399,1,964494,135,7,7
399,1,964554,136,7,7
399,1,964589,137,7,7
399,1,964680,138,7,7
399,1,967173,139,7,7
399,1,967275,140,7,7
399,1,967363,141,7,7
397,1,977071,178,17,17
397,1,977239,179,17,17
397,1,977345,180,17,17
397,1,977435,181,17,17
397,1,978345,182,18,18
397,1,992990,183,18,18
397,1,993083,184,18,18
397,1,993180,185,18,18
397,1,993283,186,18,18
397,1,993384,187,18,18
397,1,993498,188,18,18
397,1,993615,189,18,18
397,1,993728,190,18,18
397,1,993846,191,18,18
397,1,1002578,192,18,18
397,1,1002676,193,18,18
397,1,1002777,194,18,18
397,1,1002888,195,18,18
397,1,1003810,196,19,19
400,0,1004390,69,8,8
400,0,1004581,70,8,8
400,0,1004666,71,8,8
400,0,1004841,72,8,8
400,0,1005742,73,9,9
400,0,1005790,74,9,9
400,0,1005903,75,9,9
400,0,1006024,76,9,9
398,0,1010937,200,13,13
398,0,1011374,201,13,13
398,0,1011871,202,13,13
398,0,1012088,203,13,13
398,0,1013125,204,14,14
398,0,1015032,205,14,14
398,1,1017043,73,5,1
400,1,1020495,95,7,5
400,1,1020691,96,7,5
400,1,1020788,97,7,5
399,0,1021569,72,8,8
400,1,1020894,98,7,5
397,1,1027786,197,19,19
397,1,1027884,198,19,19
397,1,1027978,199,19,19
397,1,1028079,200,19,19
397,1,1028990,201,20,20
400,0,1026706,77,9,9
400,0,1026854,78,9,9
400,0,1026948,79,9,9
400,0,1027042,80,9,9
400,0,1027945,81,10,10
400,0,1038492,82,10,10
399,0,1039908,73,8,8
399,0,1040156,74,8,8
399,0,1041248,75,9,9
399,0,1041273,76,9,9
399,0,1041482,77,9,9
399,0,1041593,78,9,9
399,0,1041699,79,9,9
399,0,1041806,80,9,9
399,0,1042034,81,9,9
399,0,1042153,82,9,9
399,0,1042255,83,9,9
397,1,1047491,202,20,20
397,1,1047613,203,20,20
397,1,1047730,204,20,20
398,1,1045618,74,5,1
398,1,1045819,75,5,1
397,1,1050662,205,20,20
397,1,1050815,206,20,20
398,1,1046730,76,5,1
397,1,1050916,207,20,20
399,0,1045982,84,9,9
399,0,1046173,85,9,9
399,0,1046283,86,9,9
398,1,1047671,77,6,2
397,1,1051902,208,20,20
397,1,1053417,209,21,21
399,0,1048851,87,9,9
398,0,1052137,206,14,14
397,1,1078685,210,21,21
397,1,1078835,211,21,21
397,1,1078920,212,21,21
397,1,1079026,213,21,21
397,1,1080043,214,22,22
399,1,1081253,142,7,7
399,1,1082146,143,8,8
397,0,1088523,97,7,7
397,0,1088773,98,7,7
399,1,1084382,144,8,8
399,1,1084485,145,8,8
399,1,1084592,146,8,8
399,1,1084691,147,8,8
399,1,1084786,148,8,8
400,1,1097816,99,8,5
400,1,1097913,100,8,5
400,1,1097999,101,8,5
400,1,1098092,102,8,5
400,1,1098186,103,8,5
400,1,1098284,104,8,5
400,1,1098389,105,8,5
400,1,1098498,106,8,5
400,1,1107342,107,8,5
400,1,1107463,108,8,5
400,1,1108418,109,8,5
400,1,1108535,110,8,5
400,1,1108643,111,8,5
400,1,1108742,112,8,5
400,1,1108851,113,8,5
400,1,1108956,114,8,5
400,1,1109057,115,8,5
397,1,1125869,215,22,22
397,1,1125966,216,22,22
397,1,1126220,217,22,22
397,1,1126319,218,22,22
397,1,1127238,219,23,23
400,1,1129136,116,8,5
400,1,1129314,117,8,5
400,1,1129818,118,8,5
400,1,1129907,119,8,5
400,1,1137245,120,9,6
398,0,1140484,207,14,14
397,1,1145669,220,23,23
397,1,1145783,221,23,23
400,0,1139924,83,10,10
398,1,1150080,78,6,2
398,1,1150164,79,6,2
398,1,1150268,80,6,2
398,1,1150369,81,6,2
398,1,1150470,82,7,2
398,1,1150570,83,7,2
398,1,1150674,84,7,2
398,1,1150778,85,7,2
398,1,1150882,86,7,2
398,1,1150995,87,7,2
398,1,1151107,88,7,2
398,1,1151218,89,7,2
398,1,1151334,90,7,2
398,1,1151450,91,7,2
398,1,1151561,92,7,2
398,1,1151685,93,7,2
398,1,1151812,94,7,2
398,1,1151932,95,7,2
398,1,1152049,96,7,2
398,1,1152168,97,7,2
398,1,1152291,98,7,2
398,1,1152411,99,7,2
398,1,1152534,100,7,2
398,1,1152658,101,7,2
398,1,1152774,102,7,2
398,1,1152901,103,7,2
398,1,1153020,104,7,2
398,1,1153140,105,7,2
397,0,1163159,99,7,7
397,0,1164118,100,7,7
399,0,1159116,88,9,9
399,0,1159555,89,9,9
397,0,1165014,101,8,8
397,0,1165104,102,8,8
400,1,1162012,121,9,6
400,1,1162214,122,9,6
400,1,1162315,123,9,6
400,1,1162421,124,9,6
400,1,1163339,125,10,7
400,0,1175439,84,10,10
400,0,1175587,85,10,10
400,0,1175748,86,10,10
400,0,1176643,87,11,11
399,1,1187776,149,8,8
399,1,1187852,150,8,8
399,1,1187943,151,8,8
399,1,1188039,152,8,8
399,1,1188905,153,9,9
399,1,1196177,154,9,9
399,1,1196246,155,9,9
399,1,1196345,156,9,9
399,1,1196566,157,9,9
399,1,1196664,158,9,9
399,1,1196874,159,9,9
399,1,1196965,160,9,9
399,1,1197061,161,9,9
399,1,1197625,162,9,9
399,1,1197948,163,9,9
399,1,1198059,164,9,9
399,1,1198135,165,9,9
399,1,1198230,166,9,9
399,1,1198444,167,9,9
399,1,1198546,168,9,9
399,1,1198752,169,9,9
399,1,1198871,170,9,9
399,1,1199095,171,9,9
399,1,1199206,172,9,9
399,1,1199434,173,9,9
399,1,1199537,174,9,9
399,1,1199651,175,9,9
399,1,1199758,176,9,9
397,1,1207120,222,23,23
397,1,1207288,223,23,23
397,1,1207460,224,23,23
397,1,1207664,225,23,23
397,1,1208587,226,24,24
398,0,1206499,208,14,14
398,0,1206719,209,14,14
398,0,1207956,210,15,15
398,0,1208039,211,15,15
398,0,1208255,212,15,15
398,0,1208656,213,15,15
398,0,1208896,214,15,15
398,0,1209104,215,15,15
398,0,1209347,216,15,15
398,0,1209579,217,15,15
398,0,1209717,218,15,15
398,0,1209937,219,15,15
398,0,1210173,220,15,15
398,0,1210416,221,15,15
398,0,1210659,222,15,15
398,0,1210899,223,15,15
398,0,1211015,224,15,15
398,0,1211130,225,15,15
398,0,1211250,226,15,15
398,0,1211485,227,15,15
398,0,1211724,228,15,15
398,0,1211848,229,15,15
398,0,1211975,230,15,15
398,0,1212095,231,15,15
398,0,1212218,232,15,15
398,0,1212338,233,15,15
398,0,1212457,234,15,15
398,0,1212577,235,15,15
398,0,1212697,236,15,15
398,0,1212824,237,15,15
398,0,1212948,238,15,15
398,0,1213071,239,15,15
398,0,1213199,240,15,15
398,0,1213319,241,15,15
398,0,1213443,242,15,15
398,0,1213554,243,15,15
398,0,1213677,244,15,15
398,0,1213921,245,15,15
398,0,1214036,246,15,15
398,0,1214159,247,15,15
398,0,1214414,248,15,15
398,0,1214661,249,15,15
398,0,1214792,250,15,15
398,0,1214920,251,15,15
398,0,1215040,252,15,15
398,0,1215179,253,15,15
398,0,1215302,254,15,15
398,0,1215429,255,15,15
398,0,1215546,256,15,15
398,0,1215661,257,15,15
398,0,1215789,258,15,15
398,0,1216155,259,15,15
398,0,1216279,260,15,15
398,0,1216522,261,15,15
398,0,1216646,262,15,15
398,0,1216781,263,15,15
398,0,1216900,264,15,15
398,0,1217016,265,15,15
398,0,1217147,266,15,15
398,0,1217271,267,15,15
398,0,1217386,268,15,15
397,1,1222615,227,24,24
399,1,1219808,177,9,9
399,1,1219900,178,9,9
399,1,1220006,179,9,9
399,1,1220109,180,9,9
399,1,1221018,181,10,10
399,1,1221176,182,10,10
399,1,1221267,183,10,10
400,0,1224543,88,11,11
400,0,1224617,89,11,11
400,0,1224695,90,11,11
400,0,1224784,91,11,11
400,0,1225676,92,12,12
400,0,1226248,93,12,12
400,0,1226352,94,12,12
399,1,1232452,184,10,10
399,1,1232543,185,10,10
399,1,1232777,186,10,10
399,1,1232875,187,10,10
399,1,1237660,188,10,10
399,1,1237877,189,10,10
399,0,1247028,90,9,9
399,0,1247105,91,9,9
397,1,1253617,228,24,24
397,1,1253978,229,24,24
397,1,1254412,230,24,24
397,1,1262774,231,24,24
397,1,1263849,232,25,25
399,0,1259607,92,10,10
399,0,1276972,93,10,10
399,0,1277051,94,10,10
399,0,1277135,95,10,10
399,0,1277231,96,10,10
399,0,1277330,97,10,10
399,0,1277428,98,10,10
399,0,1277532,99,10,10
399,0,1277631,100,10,10
399,0,1277852,101,10,10
399,0,1277947,102,10,10
399,0,1278054,103,10,10
399,0,1278118,104,10,10
399,0,1278164,105,10,10
399,0,1278267,106,10,10
399,0,1278439,107,10,10
399,0,1278496,108,10,10
399,0,1278701,109,10,10
399,0,1278758,110,10,10
399,0,1278869,111,10,10
399,0,1279090,112,10,10
399,0,1279197,113,10,10
399,0,1279307,114,10,10
397,1,1285728,233,25,25
399,0,1280342,115,11,11
397,1,1286130,234,25,25
397,1,1287642,235,25,25
400,0,1291713,95,12,12
400,0,1291888,96,12,12
400,0,1292130,97,12,12
400,0,1292321,98,12,12
400,0,1293220,99,13,13
400,0,1314427,100,13,13
400,0,1314569,101,13,13
400,0,1314728,102,13,13
400,0,1314822,103,13,13
400,0,1315721,104,14,14
399,1,1322387,190,10,10
399,1,1322486,191,10,10
399,1,1322573,192,10,10
399,1,1322665,193,10,10
399,1,1323581,194,11,11
399,1,1323987,195,11,11
399,1,1324090,196,11,11
399,1,1324178,197,11,11
397,1,1332324,236,25,25
397,1,1333309,237,26,26
400,0,1341078,105,14,14
400,0,1341413,106,14,14
400,0,1341706,107,14,14
400,0,1342028,108,14,14
399,1,1344805,198,11,11
399,1,1344885,199,11,11
399,1,1344976,200,11,11
399,1,1345069,201,11,11
399,1,1345908,202,12,12
399,1,1345967,203,12,12
399,1,1348988,204,12,12
399,1,1349095,205,12,12
397,1,1368103,238,26,26
397,1,1368354,239,26,26
397,1,1368565,240,26,26
397,1,1368784,241,26,26
399,0,1363696,116,11,11
399,0,1363948,117,11,11
399,0,1364032,118,11,11
399,0,1364222,119,11,11
399,0,1365127,120,12,12
400,0,1373274,109,15,15
400,0,1373342,110,15,15
400,0,1373470,111,15,15
397,1,1385863,242,27,27
398,0,1383036,269,15,15
398,0,1383113,270,15,15
398,0,1383198,271,15,15
398,0,1383294,272,15,15
398,0,1384201,273,16,16
398,0,1384248,274,16,16
398,0,1384364,275,16,16
398,0,1384464,276,16,16
398,0,1384588,277,16,16
398,0,1384707,278,16,16
398,0,1384819,279,16,16
398,0,1384927,280,16,16
398,0,1385047,281,16,16
398,0,1385170,282,16,16
398,0,1385289,283,16,16
398,0,1385409,284,16,16
398,0,1385541,285,16,16
398,0,1385656,286,16,16
398,0,1385773,287,16,16
398,0,1385888,288,16,16
398,0,1386011,289,16,16
398,0,1386116,290,16,16
398,0,1386235,291,16,16
398,0,1386475,292,16,16
398,0,1386591,293,16,16
398,0,1386702,294,16,16
398,0,1386822,295,16,16
398,0,1386934,296,16,16
398,0,1387058,297,16,16
398,0,1387189,298,16,16
398,0,1387300,299,16,16
398,0,1387544,300,16,16
399,1,1401715,206,12,12
399,1,1401802,207,12,12
399,1,1401890,208,12,12
399,1,1401981,209,12,12
399,1,1402836,210,13,13
399,1,1402892,211,13,13
399,1,1402999,212,13,13
399,1,1403106,213,13,13
399,1,1403219,214,13,13
399,1,1403448,215,13,13
399,1,1403554,216,13,13
399,1,1403666,217,13,13
397,1,1413548,243,27,27
397,1,1413900,244,27,27
397,1,1414018,245,27,27
397,1,1414267,246,27,27
399,1,1413610,218,13,13
399,1,1413698,219,13,13
397,1,1422134,247,28,28
399,1,1428229,220,13,13
399,1,1428316,221,13,13
399,1,1428404,222,13,13
399,1,1428495,223,13,13
399,1,1429407,224,14,14
399,0,1435736,121,12,12
400,0,1443565,112,15,15
400,0,1443729,113,15,15
400,0,1443916,114,15,15
400,0,1444009,115,15,15
400,0,1444917,116,16,16
397,1,1451984,248,28,28
397,1,1452454,249,28,28
397,1,1452568,250,28,28
397,1,1452912,251,28,28
399,0,1453723,122,12,12
399,0,1454584,123,12,12
399,0,1454851,124,12,12
399,0,1455760,125,13,13
399,0,1455773,126,13,13
399,0,1455880,127,13,13
399,0,1455994,128,13,13
399,0,1456105,129,13,13
399,0,1456220,130,13,13
397,1,1493806,252,29,29
397,1,1493833,253,29,29
400,1,1495603,126,10,7
400,1,1495681,127,10,7
400,1,1495766,128,10,7
400,1,1495847,129,10,7
400,1,1495942,130,11,7
400,1,1496047,131,11,7
400,1,1496250,132,11,7
400,1,1496363,133,11,7
400,1,1496476,134,11,7
400,1,1496585,135,11,7
400,1,1496701,136,11,7
400,1,1496830,137,11,7
400,1,1496947,138,11,7
400,1,1497064,139,11,7
400,1,1497182,140,11,7
400,1,1497298,141,11,7
400,1,1497422,142,11,7
399,1,1498022,225,14,14
400,1,1497844,143,11,7
400,1,1497961,144,11,7
399,1,1499101,226,14,14
399,1,1499314,227,14,14
399,1,1499421,228,14,14
399,1,1500329,229,15,15
399,1,1500365,230,15,15
397,1,1515468,254,29,29
397,1,1528140,255,29,29
397,1,1528531,256,29,29
399,1,1525224,231,15,15
400,0,1526071,117,16,16
400,0,1526300,118,16,16
400,0,1526644,119,16,16
400,0,1526956,120,16,16
399,1,1527980,232,15,15
399,1,1528177,233,15,15
400,0,1528112,121,17,17
399,1,1535792,234,15,15
400,0,1545931,122,17,17
400,0,1546310,123,17,17
400,0,1546505,124,17,17
400,0,1546816,125,17,17
398,0,1562662,301,16,16
398,0,1562752,302,16,16
398,0,1562825,303,16,16
398,0,1562930,304,16,16
398,0,1563828,305,17,17
398,0,1563855,306,17,17
398,0,1563971,307,17,17
398,0,1564095,308,17,17
398,0,1564210,309,17,17
398,0,1564326,310,17,17
398,0,1564569,311,17,17
398,0,1564685,312,17,17
398,0,1564805,313,17,17
398,0,1565060,314,17,17
398,0,1565171,315,17,17
398,0,1565287,316,17,17
398,0,1565407,317,17,17
398,0,1565530,318,17,17
398,0,1565765,319,17,17
398,0,1565878,320,17,17
398,0,1565992,321,17,17
398,0,1566112,322,17,17
398,0,1566225,323,17,17
398,0,1566341,324,17,17
398,0,1566452,325,17,17
398,0,1566572,326,17,17
398,0,1566695,327,17,17
398,0,1566812,328,17,17
398,0,1566943,329,17,17
398,0,1567057,330,17,17
398,0,1567174,331,17,17
398,0,1567294,332,17,17
398,0,1567417,333,17,17
398,0,1567533,334,17,17
398,0,1567648,335,17,17
398,0,1567764,336,17,17
398,0,1567884,337,17,17
398,0,1568004,338,17,17
397,0,1573494,103,8,8
398,0,1568270,339,17,17
397,0,1573667,104,8,8
397,0,1573765,105,8,8
398,0,1568374,340,17,17
397,0,1573866,106,8,8
398,0,1568482,341,17,17
398,0,1568594,342,17,17
398,0,1568717,343,17,17
398,0,1568833,344,17,17
398,0,1568953,345,17,17
398,0,1569080,346,17,17
398,0,1569192,347,17,17
398,0,1569315,348,17,17
397,0,1574778,107,9,9
398,0,1569427,349,17,17
398,0,1569547,350,17,17
399,0,1568608,131,13,13
398,0,1569658,351,17,17
399,0,1568695,132,13,13
398,0,1569786,352,17,17
399,0,1568859,133,13,13
398,0,1570010,353,17,17
400,0,1569792,126,17,17
400,0,1569878,127,17,17
400,0,1570057,128,17,17
400,0,1570154,129,17,17
400,0,1571061,130,18,18
397,1,1584017,257,29,29
397,1,1585093,258,30,30
398,0,1585917,354,17,17
398,0,1586018,355,17,17
398,0,1586168,356,17,17
398,0,1586280,357,17,17
398,0,1587210,358,18,18
400,1,1594596,145,11,7
400,1,1594714,146,11,7
400,1,1594807,147,11,7
400,1,1594908,148,11,7
400,1,1595010,149,12,7
400,1,1595119,150,12,7
400,1,1595224,151,12,7
400,1,1595329,152,12,7
400,1,1595446,153,12,7
400,1,1595555,154,12,7
400,1,1595676,155,12,7
400,1,1595801,156,12,7
400,1,1595926,157,12,7
400,1,1596518,158,12,7
400,1,1596627,159,12,7
398,0,1598115,359,18,18
400,1,1596729,160,12,7
398,0,1598212,360,18,18
398,0,1598301,361,18,18
400,1,1596843,161,12,7
398,0,1598385,362,18,18
400,1,1596955,162,12,7
398,0,1598493,363,18,18
398,0,1598594,364,18,18
398,0,1598702,365,18,18
398,0,1598814,366,18,18
398,0,1598907,367,18,18
398,0,1599026,368,18,18
398,0,1599130,369,18,18
398,0,1599253,370,18,18
398,0,1599369,371,18,18
398,0,1599481,372,18,18
398,0,1599600,373,18,18
398,0,1599720,374,18,18
398,0,1599836,375,18,18
398,0,1599964,376,18,18
398,0,1600191,377,18,18
398,0,1600315,378,18,18
398,0,1600427,379,18,18
398,0,1600534,380,18,18
398,0,1600651,381,18,18
398,0,1600770,382,18,18
398,0,1600885,383,18,18
398,0,1601005,384,18,18
398,0,1601252,385,18,18
398,0,1601348,386,18,18
398,0,1601468,387,18,18
398,0,1601588,388,18,18
398,0,1601712,389,18,18
398,0,1601827,390,18,18
398,0,1601947,391,18,18
399,0,1603220,134,13,13
399,0,1604186,135,14,14
399,0,1604286,136,14,14
399,0,1604496,137,14,14
399,0,1604606,138,14,14
399,0,1604713,139,14,14
399,0,1604819,140,14,14
399,0,1604941,141,14,14
399,0,1605056,142,14,14
399,0,1605170,143,14,14
399,0,1605293,144,14,14
399,0,1605406,145,14,14
399,0,1605521,146,14,14
399,0,1605632,147,14,14
399,0,1605731,148,14,14
399,0,1605864,149,14,14
399,0,1605921,150,14,14
399,0,1605979,151,14,14
399,0,1606088,152,14,14
399,0,1606199,153,14,14
399,0,1606321,154,14,14
399,0,1606439,155,14,14
399,0,1606672,156,14,14
399,0,1606881,157,14,14
399,0,1607060,158,14,14
399,0,1607133,159,14,14
399,0,1607247,160,14,14
399,0,1607354,161,14,14
399,0,1607460,162,14,14
399,0,1607560,163,14,14
399,0,1607812,164,14,14
399,0,1607921,165,14,14
399,0,1607983,166,14,14
399,0,1608040,167,14,14
399,0,1608165,168,14,14
399,0,1610703,169,14,14
399,0,1610802,170,14,14
399,0,1610905,171,14,14
398,0,1615562,392,18,18
398,0,1615706,393,18,18
398,0,1615848,394,18,18
398,0,1615941,395,18,18
398,0,1616846,396,19,19
398,0,1616902,397,19,19
398,0,1617026,398,19,19
398,0,1617137,399,19,19
398,0,1617253,400,19,19
398,0,1617364,401,19,19
398,0,1617492,402,19,19
398,0,1617607,403,19,19
398,0,1617731,404,19,19
398,0,1617844,405,19,19
398,0,1617971,406,19,19
398,0,1618213,407,19,19
398,0,1618322,408,19,19
398,0,1618434,409,19,19
398,0,1618538,410,19,19
398,0,1618661,411,19,19
398,0,1618772,412,19,19
398,0,1618905,413,19,19
398,0,1619024,414,19,19
398,0,1619136,415,19,19
400,1,1624333,163,12,7
400,1,1624438,164,12,7
400,1,1624540,165,12,7
400,1,1624637,166,12,7
400,1,1624747,167,13,7
400,1,1624851,168,13,7
400,1,1624956,169,13,7
400,1,1625070,170,13,7
400,1,1625304,171,13,7
400,1,1625463,172,13,7
400,1,1625756,173,13,7
400,1,1625853,174,13,7
400,1,1625963,175,13,7
400,1,1626091,176,13,7
400,1,1626216,177,13,7
400,1,1626329,178,13,7
399,0,1628479,172,14,14
399,0,1628566,173,14,14
399,0,1628616,174,14,14
399,0,1628669,175,14,14
399,0,1629571,176,15,15
399,0,1629619,177,15,15
399,0,1629976,178,15,15
399,0,1630087,179,15,15
399,0,1630151,180,15,15
399,0,1630217,181,15,15
399,0,1630281,182,15,15
399,0,1630346,183,15,15
399,0,1630460,184,15,15
399,0,1630536,185,15,15
399,0,1630582,186,15,15
399,0,1630659,187,15,15
399,0,1630815,188,15,15
399,0,1630928,189,15,15
399,0,1631047,190,15,15
399,0,1631272,191,15,15
399,0,1632369,192,15,15
399,0,1632464,193,15,15
398,1,1633881,106,7,2
398,1,1633993,107,7,2
398,1,1634097,108,7,2
398,1,1634201,109,7,2
398,1,1634310,110,8,2
398,1,1634413,111,8,2
398,1,1634513,112,8,2
398,1,1634614,113,8,2
398,1,1634865,114,8,2
400,0,1635011,131,18,18
400,0,1635386,132,18,18
400,0,1635565,133,18,18
400,0,1635765,134,18,18
398,1,1640765,115,8,2
398,1,1640992,116,8,2
397,1,1649173,259,30,30
397,1,1649509,260,30,30
397,1,1649736,261,30,30
397,1,1650069,262,30,30
400,0,1659517,135,19,19
400,0,1659577,136,19,19
400,0,1659695,137,19,19
400,0,1659807,138,19,19
400,0,1659924,139,19,19
400,0,1660045,140,19,19
397,1,1669455,263,31,31
397,1,1669746,264,31,31
398,1,1670204,117,8,2
398,1,1670296,118,8,2
398,1,1670412,119,8,2
398,1,1670519,120,8,2
398,1,1671427,121,9,3
398,1,1671461,122,9,3
398,1,1671573,123,9,3
398,1,1671693,124,9,3
398,1,1671805,125,9,3
398,1,1671924,126,9,3
398,0,1698345,416,19,19
398,0,1698446,417,19,19
398,0,1698538,418,19,19
398,0,1698705,419,19,19
398,0,1699603,420,20,20
398,0,1699674,421,20,20
398,0,1699777,422,20,20
398,0,1699901,423,20,20
400,0,1701581,141,19,19
400,0,1701780,142,19,19
400,0,1701951,143,19,19
400,0,1702147,144,19,19
400,0,1703046,145,20,20
400,0,1703159,146,20,20
400,0,1703277,147,20,20
400,0,1703394,148,20,20
400,0,1703511,149,20,20
400,0,1703635,150,20,20
400,0,1703749,151,20,20
399,1,1713034,235,16,16
399,1,1713081,236,16,16
399,1,1713386,237,16,16
399,1,1713595,238,16,16
399,1,1713805,239,16,16
398,0,1714975,424,20,20
399,1,1713934,240,16,16
398,0,1715056,425,20,20
398,0,1715140,426,20,20
399,1,1714152,241,16,16
399,1,1714263,242,16,16
398,0,1715321,427,20,20
398,0,1715426,428,20,20
399,1,1714369,243,16,16
398,0,1715515,429,20,20
399,1,1714480,244,16,16
398,0,1715622,430,20,20
398,0,1715727,431,20,20
399,1,1714720,245,16,16
398,0,1715831,432,20,20
399,1,1714830,246,16,16
398,0,1715940,433,20,20
399,1,1714940,247,16,16
398,0,1716051,434,20,20
399,1,1715040,248,16,16
398,0,1716163,435,20,20
399,1,1715185,249,16,16
398,0,1716271,436,20,20
399,1,1715295,250,16,16
398,0,1716399,437,20,20
398,0,1716518,438,20,20
398,0,1716622,439,20,20
398,0,1716750,440,20,20
398,0,1716985,441,20,20
398,0,1717089,442,20,20
398,0,1717217,443,20,20
398,0,1717337,444,20,20
398,0,1717451,445,20,20
398,0,1717560,446,20,20
398,0,1717688,447,20,20
398,0,1717919,448,20,20
398,0,1718042,449,20,20
398,0,1718158,450,20,20
398,0,1718278,451,20,20
398,0,1718409,452,20,20
398,0,1718533,453,20,20
398,0,1718648,454,20,20
398,0,1718791,455,20,20
398,0,1718906,456,20,20
398,0,1719393,457,20,20
398,0,1719508,458,20,20
398,0,1719613,459,20,20
398,0,1720535,460,21,21
398,0,1725038,461,21,21
398,0,1725127,462,21,21
398,0,1725232,463,21,21
398,0,1725335,464,21,21
398,0,1725448,465,21,21
398,0,1725555,466,21,21
399,1,1724635,251,16,16
399,1,1724727,252,16,16
399,0,1731904,194,15,15
399,0,1731996,195,15,15
399,0,1732094,196,15,15
399,0,1732187,197,15,15
399,0,1733092,198,16,16
398,0,1764759,467,21,21
398,0,1764852,468,21,21
398,0,1764922,469,21,21
398,0,1765025,470,21,21
398,0,1766025,471,22,22
398,0,1766230,472,22,22
398,0,1766349,473,22,22
398,0,1766450,474,22,22
398,0,1766582,475,22,22
398,0,1766816,476,22,22
398,0,1767063,477,22,22
398,0,1767300,478,22,22
397,1,1778066,265,31,31
397,1,1778646,266,31,31
398,0,1778191,479,22,22
398,0,1778279,480,22,22
398,0,1778461,481,22,22
398,0,1778546,482,22,22
398,0,1778665,483,22,22
398,0,1778754,484,22,22
398,0,1778870,485,22,22
398,0,1779086,486,22,22
398,0,1779193,487,22,22
398,0,1779414,488,22,22
398,0,1779630,489,22,22
398,0,1780070,490,22,22
398,0,1780282,491,22,22
398,0,1780386,492,22,22
398,0,1780506,493,22,22
400,0,1792403,152,20,20
400,0,1792579,153,20,20
400,0,1792668,154,20,20
400,0,1792757,155,20,20
400,0,1793661,156,21,21
400,0,1793744,157,21,21
400,0,1793861,158,21,21
400,0,1793994,159,21,21
400,0,1794118,160,21,21
400,0,1794239,161,21,21
400,0,1794368,162,21,21
400,0,1794493,163,21,21
400,0,1794629,164,21,21
400,0,1794754,165,21,21
400,1,1804407,179,13,7
400,1,1804500,180,13,7
400,1,1804594,181,13,7
400,1,1804703,182,13,7
400,1,1805615,183,14,8
400,1,1805639,184,14,8
400,1,1805775,185,14,8
400,1,1805892,186,14,8
400,1,1806021,187,14,8
398,0,1809683,494,22,22
398,0,1809780,495,22,22
398,0,1809868,496,22,22
398,0,1809961,497,22,22
398,0,1810860,498,23,23
398,0,1810899,499,23,23
398,0,1811007,500,23,23
398,0,1811131,501,23,23
398,0,1811358,502,23,23
398,0,1811594,503,23,23
398,0,1811698,504,23,23
398,0,1811828,505,23,23
398,0,1811948,506,23,23
398,0,1812065,507,23,23
398,0,1812179,508,23,23
398,0,1812284,509,23,23
398,0,1812419,510,23,23
398,0,1812531,511,23,23
398,0,1812663,512,23,23
398,0,1812777,513,23,23
398,0,1812910,514,23,23
398,0,1813029,515,23,23
398,0,1813156,516,23,23
398,0,1813276,517,23,23
398,0,1813396,518,23,23
399,0,1848528,199,16,16
399,0,1848741,200,16,16
399,0,1848932,201,16,16
399,0,1849031,202,16,16
399,0,1849940,203,17,17
399,0,1850018,204,17,17
399,0,1850129,205,17,17
399,0,1850247,206,17,17
399,0,1850319,207,17,17
399,0,1850361,208,17,17
399,0,1850472,209,17,17
399,0,1850594,210,17,17
399,0,1850712,211,17,17
399,0,1850784,212,17,17
399,0,1850838,213,17,17
399,0,1850952,214,17,17
399,0,1851066,215,17,17
399,0,1851123,216,17,17
399,0,1851192,217,17,17
399,0,1851307,218,17,17
399,0,1851416,219,17,17
399,0,1851543,220,17,17
399,0,1851654,221,17,17
399,0,1851889,222,17,17
399,0,1852000,223,17,17
399,0,1852114,224,17,17
399,0,1852232,225,17,17
399,0,1852347,226,17,17
399,0,1852476,227,17,17
399,0,1852602,228,17,17
399,0,1852717,229,17,17
399,0,1863948,230,17,17
399,0,1864035,231,17,17
399,0,1864134,232,17,17
399,0,1864183,233,17,17
399,0,1864229,234,17,17
399,0,1864336,235,17,17
399,0,1864439,236,17,17
399,0,1864546,237,17,17
399,0,1864659,238,17,17
399,0,1864770,239,17,17
399,0,1864878,240,17,17
399,0,1864984,241,17,17
399,0,1865095,242,17,17
399,0,1865312,243,17,17
399,0,1865410,244,17,17
399,0,1865509,245,17,17
399,0,1868962,246,17,17
399,0,1869050,247,17,17
399,0,1869156,248,17,17
399,0,1869244,249,17,17
397,1,1876511,267,31,31
397,1,1876704,268,31,31
397,1,1877673,269,32,32
397,1,1877694,270,32,32
397,1,1877819,271,32,32
397,1,1877949,272,32,32
397,1,1878082,273,32,32
397,1,1878211,274,32,32
397,1,1878340,275,32,32
397,1,1878469,276,32,32
397,1,1878595,277,32,32
397,1,1878716,278,32,32
397,1,1878975,279,32,32
397,1,1879100,280,32,32
397,1,1879229,281,32,32
397,1,1879370,282,32,32
397,1,1879499,283,32,32
400,0,1886216,166,21,21
400,0,1886364,167,21,21
400,0,1886450,168,21,21
400,0,1886539,169,21,21
400,0,1887442,170,22,22
400,0,1887529,171,22,22
400,0,1887643,172,22,22
400,0,1887760,173,22,22
400,0,1887873,174,22,22
400,0,1887993,175,22,22
400,0,1888114,176,22,22
400,0,1888239,177,22,22
400,0,1888360,178,22,22
400,0,1888477,179,22,22
400,0,1888598,180,22,22
400,0,1888722,181,22,22
400,0,1888952,182,22,22
400,0,1889073,183,22,22
400,0,1889193,184,22,22
400,0,1889314,185,22,22
400,0,1889435,186,22,22
400,0,1889556,187,22,22
400,0,1889696,188,22,22
400,0,1889810,189,22,22
400,0,1889927,190,22,22
400,0,1890052,191,22,22
399,0,1891948,250,17,17
399,0,1892043,251,17,17
399,0,1892944,252,18,18
399,1,1909681,253,16,16
399,1,1909719,254,16,16
399,1,1909867,255,16,16
399,1,1910042,256,16,16
399,1,1911023,257,17,17
399,1,1911254,258,17,17
399,1,1911479,259,17,17
399,1,1911703,260,17,17
399,1,1911815,261,17,17
399,1,1912176,262,17,17
399,1,1912519,263,17,17
399,1,1912630,264,17,17
399,1,1912748,265,17,17
399,1,1912862,266,17,17
399,1,1912977,267,17,17
399,1,1913327,268,17,17
399,1,1913445,269,17,17
399,1,1913571,270,17,17
399,1,1913681,271,17,17
397,1,1921825,284,32,32
397,1,1921946,285,32,32
397,1,1922064,286,32,32
397,1,1922186,287,32,32
397,1,1923116,288,33,33
399,0,1926780,253,18,18
399,0,1926951,254,18,18
398,0,1937673,519,23,23
398,0,1937762,520,23,23
398,0,1937843,521,23,23
398,0,1937939,522,23,23
398,0,1938841,523,24,24
398,0,1938884,524,24,24
398,0,1938989,525,24,24
398,0,1939096,526,24,24
398,0,1939212,527,24,24
398,0,1939320,528,24,24
398,0,1939439,529,24,24
398,0,1939552,530,24,24
398,0,1939660,531,24,24
398,0,1939790,532,24,24
398,0,1939907,533,24,24
398,0,1940023,534,24,24
398,0,1940139,535,24,24
398,0,1940254,536,24,24
398,0,1940366,537,24,24
398,0,1940490,538,24,24
398,0,1940613,539,24,24
398,0,1940752,540,24,24
398,0,1940872,541,24,24
398,0,1941130,542,24,24
399,0,1941960,255,18,18
399,0,1942144,256,18,18
399,0,1943048,257,19,19
399,0,1943404,258,19,19
399,0,1943709,259,19,19
399,0,1944026,260,19,19
399,0,1944125,261,19,19
399,0,1944227,262,19,19
399,0,1944365,263,19,19
399,0,1944476,264,19,19
399,0,1944579,265,19,19
399,0,1944685,266,19,19
399,0,1944918,267,19,19
399,0,1945028,268,19,19
399,0,1945139,269,19,19
399,0,1945364,270,19,19
399,0,1945474,271,19,19
399,0,1945584,272,19,19
399,0,1945703,273,19,19
399,0,1945821,274,19,19
399,0,1945962,275,19,19
399,0,1946076,276,19,19
399,0,1946339,277,19,19
399,0,1946446,278,19,19
399,0,1946560,279,19,19
399,0,1946682,280,19,19
399,0,1946800,281,19,19
399,0,1946918,282,19,19
399,0,1946990,283,19,19
399,0,1947060,284,19,19
399,0,1947177,285,19,19
399,0,1947418,286,19,19
399,0,1947525,287,19,19
399,0,1947642,288,19,19
399,0,1947879,289,19,19
399,0,1947990,290,19,19
399,0,1948111,291,19,19
399,0,1948351,292,19,19
399,0,1948408,293,19,19
399,0,1948474,294,19,19
399,0,1948541,295,19,19
399,0,1948607,296,19,19
399,0,1948740,297,19,19
399,0,1948870,298,19,19
399,0,1948977,299,19,19
399,0,1949090,300,19,19
399,0,1949205,301,19,19
399,0,1949429,302,19,19
399,0,1949545,303,19,19
399,0,1949769,304,19,19
399,0,1950017,305,19,19
399,0,1950276,306,19,19
399,0,1950417,307,19,19
399,0,1950520,308,19,19
399,0,1950627,309,19,19
399,0,1950741,310,19,19
399,0,1950856,311,19,19
399,0,1951111,312,19,19
399,0,1951221,313,19,19
399,0,1951339,314,19,19
399,0,1951584,315,19,19
399,0,1951778,316,19,19
399,0,1951935,317,19,19
399,0,1952041,318,19,19
399,0,1952163,319,19,19
399,0,1952456,320,19,19
399,0,1952571,321,19,19
399,0,1952693,322,19,19
399,0,1952819,323,19,19
399,0,1952932,324,19,19
399,0,1953058,325,19,19
399,0,1953176,326,19,19
399,0,1953611,327,19,19
399,0,1953817,328,19,19
399,0,1953920,329,19,19
399,0,1954545,330,19,19
399,0,1954727,331,19,19
399,0,1954834,332,19,19
399,0,1955121,333,19,19
399,0,1955201,334,19,19
399,0,1955307,335,19,19
399,0,1955418,336,19,19
399,0,1955971,337,19,19
399,0,1956017,338,19,19
399,0,1956413,339,19,19
399,0,1956454,340,19,19
399,0,1956996,341,19,19
399,0,1957041,342,19,19
398,0,1964904,543,24,24
398,0,1964993,544,24,24
398,0,1965166,545,24,24
398,0,1965274,546,24,24
398,0,1966180,547,25,25
398,0,1966266,548,25,25
398,0,1966505,549,25,25
398,0,1966624,550,25,25
398,0,1966737,551,25,25
398,0,1966857,552,25,25
398,0,1966972,553,25,25
398,0,1967104,554,25,25
398,0,1967219,555,25,25
397,1,1973783,289,33,33
397,1,1973951,290,33,33
397,1,1974147,291,33,33
397,1,1974374,292,33,33
397,1,1975298,293,34,34
397,1,1975325,294,34,34
397,1,1977723,295,34,34
397,1,1977830,296,34,34
399,0,1970407,343,19,19
397,1,1977934,297,34,34
399,0,1970506,344,19,19
399,0,1970560,345,19,19
397,1,1978048,298,34,34
399,0,1970609,346,19,19
397,1,1978166,299,34,34
397,1,1978288,300,34,34
397,1,1978401,301,34,34
397,1,1978522,302,34,34
397,1,1978640,303,34,34
399,0,1971461,347,20,20
399,0,1971473,348,20,20
399,0,1971531,349,20,20
399,0,1971589,350,20,20
399,0,1971760,351,20,20
399,0,1972327,352,20,20
399,0,1972400,353,20,20
399,0,1972465,354,20,20
399,0,1972537,355,20,20
399,0,1972663,356,20,20
399,0,1972922,357,20,20
399,0,1973010,358,20,20
399,0,1973070,359,20,20
399,0,1973116,360,20,20
399,0,1973181,361,20,20
399,0,1973444,362,20,20
399,0,1973570,363,20,20
399,0,1973665,364,20,20
399,0,1973791,365,20,20
399,0,1973909,366,20,20
399,0,1974053,367,20,20
399,0,1974133,368,20,20
399,0,1975826,369,20,20
399,0,1975952,370,20,20
399,0,1976012,371,20,20
399,0,1976074,372,20,20
399,0,1976154,373,20,20
399,0,1976363,374,20,20
399,0,1979892,375,20,20
399,0,1979995,376,20,20
397,1,2003461,304,34,34
397,1,2003570,305,34,34
397,1,2003680,306,34,34
397,1,2003793,307,34,34
397,1,2004728,308,35,35
400,0,1999207,192,22,22
400,0,1999299,193,22,22
400,0,1999389,194,22,22
400,0,1999492,195,22,22
400,0,2000406,196,23,23
400,0,2000524,197,23,23
400,0,2000657,198,23,23
400,0,2000765,199,23,23
400,0,2000890,200,23,23
400,0,2001008,201,23,23
400,0,2001125,202,23,23
400,0,2001257,203,23,23
400,0,2001382,204,23,23
400,0,2001503,205,23,23
400,0,2001636,206,23,23
400,0,2001757,207,23,23
400,0,2001893,208,23,23
400,0,2002014,209,23,23
400,0,2002135,210,23,23
400,0,2002244,211,23,23
400,0,2002368,212,23,23
400,0,2002489,213,23,23
400,0,2002629,214,23,23
400,0,2002750,215,23,23
400,0,2002883,216,23,23
400,0,2003004,217,23,23
400,0,2003129,218,23,23
400,0,2003250,219,23,23
400,0,2003379,220,23,23
400,0,2003515,221,23,23
400,0,2003647,222,23,23
400,0,2003765,223,23,23
400,0,2004026,224,23,23
400,0,2004143,225,23,23
400,0,2004275,226,23,23
400,0,2004396,227,23,23
400,0,2004513,228,23,23
400,0,2004641,229,23,23
400,0,2004755,230,23,23
400,0,2004876,231,23,23
400,0,2004997,232,23,23
400,0,2005113,233,23,23
400,0,2005250,234,23,23
400,0,2005363,235,23,23
400,0,2005488,236,23,23
400,0,2005609,237,23,23
400,0,2005737,238,23,23
400,0,2005870,239,23,23
400,0,2005998,240,23,23
399,1,2022943,272,17,17
399,1,2023248,273,17,17
399,1,2023747,274,17,17
400,1,2023623,188,14,8
399,1,2023960,275,17,17
400,1,2023900,189,14,8
400,1,2024002,190,14,8
400,1,2024111,191,14,8
400,1,2024216,192,15,8
400,1,2024333,193,15,8
400,1,2024445,194,15,8
400,1,2024563,195,15,8
400,1,2024684,196,15,8
399,1,2024980,276,18,18
400,1,2024812,197,15,8
400,1,2024937,198,15,8
400,1,2025058,199,15,8
400,1,2025195,200,15,8
400,1,2025323,201,15,8
400,1,2025448,202,15,8
400,1,2025576,203,15,8
400,1,2025694,204,15,8
397,1,2033562,309,35,35
397,1,2033672,310,35,35
400,1,2025815,205,15,8
397,1,2033788,311,35,35
397,1,2033910,312,35,35
400,1,2026216,206,15,8
400,1,2026914,207,15,8
397,1,2034845,313,36,36
400,1,2027063,208,15,8
400,1,2027245,209,15,8
400,1,2027409,210,15,8
399,1,2032858,277,18,18
399,1,2033044,278,18,18
399,1,2033159,279,18,18
397,1,2041667,314,36,36
397,1,2041781,315,36,36
397,1,2058463,316,36,36
397,1,2058573,317,36,36
397,1,2058682,318,36,36
397,1,2058792,319,36,36
397,1,2059715,320,37,37
397,1,2095167,321,37,37
397,1,2095268,322,37,37
397,1,2095370,323,37,37
397,1,2095483,324,37,37
397,1,2096407,325,38,38
398,0,2104377,556,25,25
398,0,2104454,557,25,25
398,0,2104547,558,25,25
398,0,2104636,559,25,25
398,0,2105549,560,26,26
398,0,2105654,561,26,26
398,0,2105769,562,26,26
398,0,2105889,563,26,26
398,0,2106005,564,26,26
398,0,2106125,565,26,26
398,0,2106249,566,26,26
398,0,2106376,567,26,26
398,0,2106593,568,26,26
398,0,2106812,569,26,26
398,0,2106928,570,26,26
398,0,2107040,571,26,26
398,0,2107163,572,26,26
398,0,2107279,573,26,26
398,0,2107399,574,26,26
398,0,2107527,575,26,26
398,0,2107657,576,26,26
398,0,2107785,577,26,26
398,0,2107900,578,26,26
398,0,2108023,579,26,26
398,0,2108147,580,26,26
398,0,2108274,581,26,26
398,0,2108398,582,26,26
398,0,2108487,583,26,26
398,0,2108518,584,26,26
398,0,2108706,585,26,26
398,0,2108830,586,26,26
398,0,2108935,587,26,26
398,0,2109050,588,26,26
398,0,2109162,589,26,26
398,0,2109286,590,26,26
398,0,2109405,591,26,26
398,0,2109517,592,26,26
398,0,2109633,593,26,26
398,0,2109760,594,26,26
398,0,2109872,595,26,26
398,0,2109991,596,26,26
398,0,2110111,597,26,26
398,0,2110238,598,26,26
398,0,2110355,599,26,26
398,0,2110470,600,26,26
400,0,2151815,241,23,23
400,0,2151912,242,23,23
400,0,2152005,243,23,23
400,0,2152099,244,23,23
400,0,2153011,245,24,24
400,0,2153109,246,24,24
400,0,2153234,247,24,24
400,0,2153355,248,24,24
400,0,2153487,249,24,24
400,0,2153605,250,24,24
400,0,2153725,251,24,24
400,0,2153849,252,24,24
400,0,2153971,253,24,24
400,0,2154092,254,24,24
400,0,2154216,255,24,24
400,0,2154337,256,24,24
400,0,2154466,257,24,24
400,0,2154591,258,24,24
400,0,2154716,259,24,24
400,0,2154845,260,24,24
400,0,2154961,261,24,24
400,0,2155090,262,24,24
400,0,2155218,263,24,24
400,0,2155363,264,24,24
400,0,2155484,265,24,24
400,0,2155609,266,24,24
400,0,2155729,267,24,24
400,0,2155854,268,24,24
400,0,2156239,269,24,24
400,0,2156377,270,24,24
400,0,2156536,271,24,24
400,0,2157020,272,24,24
400,0,2157145,273,24,24
400,0,2157277,274,24,24
400,0,2157402,275,24,24
397,1,2165819,326,38,38
397,1,2166019,327,38,38
397,1,2166246,328,38,38
397,1,2166360,329,38,38
397,1,2167289,330,39,39
400,1,2173734,211,15,8
400,1,2173879,212,15,8
400,1,2173987,213,15,8
400,1,2174100,214,15,8
400,1,2174205,215,16,8
400,1,2174323,216,16,8
400,1,2174439,217,16,8
400,1,2174561,218,16,8
400,1,2174673,219,16,8
400,1,2174798,220,16,8
400,1,2174915,221,16,8
400,1,2175044,222,16,8
400,1,2175169,223,16,8
397,1,2187312,331,39,39
397,1,2187582,332,39,39
397,1,2187683,333,39,39
397,1,2187797,334,39,39
397,1,2188720,335,40,40
397,1,2193130,336,40,40
397,1,2211986,337,40,40
397,1,2212197,338,40,40
397,1,2212358,339,40,40
397,1,2212581,340,40,40
397,1,2213512,341,41,41
399,0,2243303,377,20,20
399,0,2243412,378,20,20
399,0,2243520,379,20,20
399,0,2243618,380,20,20
399,0,2244532,381,21,21
399,0,2244618,382,21,21
399,0,2244731,383,21,21
399,0,2244850,384,21,21
399,0,2244957,385,21,21
399,0,2245067,386,21,21
399,0,2245185,387,21,21
399,0,2245368,388,21,21
399,0,2245437,389,21,21
399,0,2245559,390,21,21
399,0,2245669,391,21,21
399,0,2245798,392,21,21
399,0,2245928,393,21,21
399,0,2246047,394,21,21
399,0,2246161,395,21,21
399,0,2247442,396,21,21
399,0,2247544,397,21,21
397,1,2277988,342,41,41
397,1,2278486,343,41,41
397,1,2278779,344,41,41
397,1,2290631,345,41,41
397,1,2291821,346,42,42
398,0,2289308,601,26,26
398,0,2289401,602,26,26
398,0,2289485,603,26,26
398,0,2289563,604,26,26
398,0,2290473,605,27,27
398,0,2290521,606,27,27
398,0,2290643,607,27,27
398,0,2290755,608,27,27
398,0,2290879,609,27,27
398,0,2290992,610,27,27
398,0,2291115,611,27,27
398,0,2291230,612,27,27
398,0,2291365,613,27,27
398,0,2291481,614,27,27
398,0,2291601,615,27,27
398,0,2291728,616,27,27
398,0,2291856,617,27,27
398,0,2291979,618,27,27
398,0,2292106,619,27,27
398,0,2292234,620,27,27
398,0,2292358,621,27,27
398,0,2292485,622,27,27
398,0,2292608,623,27,27
398,0,2292736,624,27,27
398,0,2292859,625,27,27
398,0,2292982,626,27,27
398,0,2293102,627,27,27
398,0,2293240,628,27,27
398,0,2293368,629,27,27
398,0,2293495,630,27,27
398,0,2293619,631,27,27
398,0,2293731,632,27,27
398,0,2293854,633,27,27
398,0,2294102,634,27,27
398,0,2294461,635,27,27
398,0,2294573,636,27,27
398,0,2294677,637,27,27
397,1,2314269,347,42,42
399,0,2327463,398,21,21
399,0,2327662,399,21,21
399,0,2327749,400,21,21
399,0,2327848,401,21,21
400,0,2350155,276,24,24
400,0,2350265,277,24,24
400,0,2350366,278,24,24
400,0,2350459,279,24,24
400,0,2351371,280,25,25
400,0,2351387,281,25,25
400,0,2351523,282,25,25
400,0,2351648,283,25,25
400,0,2351761,284,25,25
400,0,2351882,285,25,25
400,0,2352007,286,25,25
400,0,2352128,287,25,25
400,0,2352252,288,25,25
400,0,2352373,289,25,25
400,0,2352494,290,25,25
400,0,2352623,291,25,25
400,0,2352744,292,25,25
400,0,2352876,293,25,25
400,0,2352997,294,25,25
400,0,2353118,295,25,25
400,0,2353243,296,25,25
400,0,2353368,297,25,25
400,0,2353500,298,25,25
400,0,2353625,299,25,25
400,0,2353754,300,25,25
400,0,2353874,301,25,25
400,0,2353998,302,25,25
400,0,2354127,303,25,25
400,0,2354256,304,25,25
399,1,2358336,280,18,18
399,1,2358919,281,18,18
399,1,2359232,282,18,18
399,1,2359533,283,18,18
399,1,2360667,284,19,19
399,1,2360840,285,19,19
399,1,2361198,286,19,19
400,1,2366132,224,16,8
400,1,2366244,225,16,8
400,1,2366358,226,16,8
400,1,2366471,227,16,8
400,1,2367397,228,17,9
400,1,2367465,229,17,9
400,1,2367593,230,17,9
400,1,2367854,231,17,9
400,1,2367979,232,17,9
400,1,2368104,233,17,9
400,1,2368229,234,17,9
400,1,2368358,235,17,9
400,1,2368498,236,17,9
400,1,2368630,237,17,9
398,0,2438274,638,27,27
398,0,2438374,639,27,27
398,0,2438466,640,27,27
398,0,2438656,641,27,27
398,0,2439562,642,28,28
398,0,2439663,643,28,28
398,0,2439786,644,28,28
398,0,2439914,645,28,28
398,0,2440034,646,28,28
398,0,2440272,647,28,28
398,0,2440381,648,28,28
398,0,2440500,649,28,28
398,0,2440628,650,28,28
398,0,2440748,651,28,28
398,0,2440863,652,28,28
398,0,2440986,653,28,28
398,0,2441121,654,28,28
398,0,2441237,655,28,28
398,0,2441364,656,28,28
398,0,2441616,657,28,28
398,0,2441731,658,28,28
398,0,2441850,659,28,28
398,0,2441978,660,28,28
398,0,2442105,661,28,28
398,0,2442236,662,28,28
398,0,2442360,663,28,28
398,0,2442491,664,28,28
398,0,2442766,665,28,28
398,0,2442882,666,28,28
398,0,2443004,667,28,28
398,0,2443128,668,28,28
398,0,2443255,669,28,28
398,0,2443379,670,28,28
398,0,2443502,671,28,28
398,0,2443634,672,28,28
398,0,2443769,673,28,28
398,0,2443896,674,28,28
398,0,2444027,675,28,28
398,0,2444158,676,28,28
398,0,2444290,677,28,28
398,0,2444421,678,28,28
398,0,2444552,679,28,28
398,0,2444680,680,28,28
398,0,2444811,681,28,28
398,0,2444935,682,28,28
399,0,2460226,402,22,22
399,0,2460332,403,22,22
399,0,2460446,404,22,22
399,0,2460549,405,22,22
399,0,2460655,406,22,22
399,1,2485195,287,19,19
399,1,2485371,288,19,19
398,0,2488657,683,28,28
398,0,2488750,684,28,28
398,0,2488851,685,28,28
398,0,2488954,686,28,28
398,0,2489873,687,29,29
398,0,2489989,688,29,29
398,0,2490116,689,29,29
398,0,2490244,690,29,29
398,0,2490371,691,29,29
398,0,2490490,692,29,29
398,0,2490626,693,29,29
398,0,2490772,694,29,29
398,0,2490895,695,29,29
398,0,2491027,696,29,29
398,0,2491154,697,29,29
398,0,2491285,698,29,29
398,0,2491424,699,29,29
398,0,2491540,700,29,29
398,0,2491671,701,29,29
398,0,2491806,702,29,29
398,0,2491929,703,29,29
398,0,2492060,704,29,29
398,0,2492208,705,29,29
398,0,2492343,706,29,29
398,0,2492463,707,29,29
398,0,2492590,708,29,29
398,0,2492725,709,29,29
398,0,2492852,710,29,29
398,0,2492976,711,29,29
398,0,2493107,712,29,29
398,0,2493238,713,29,29
398,0,2493376,714,29,29
398,0,2493504,715,29,29
398,0,2493659,716,29,29
398,0,2493782,717,29,29
398,0,2493917,718,29,29
398,0,2494056,719,29,29
398,0,2494180,720,29,29
398,0,2494310,721,29,29
398,0,2494434,722,29,29
398,0,2494561,723,29,29
398,0,2494689,724,29,29
398,0,2494816,725,29,29
398,0,2494947,726,29,29
398,0,2495071,727,29,29
398,0,2495198,728,29,29
398,0,2495330,729,29,29
398,0,2495460,730,29,29
400,0,2494277,305,25,25
398,0,2495588,731,29,29
400,0,2494369,306,25,25
398,0,2495715,732,29,29
400,0,2494476,307,25,25
400,0,2494588,308,25,25
398,0,2495869,733,29,29
398,0,2495993,734,29,29
398,0,2496124,735,29,29
398,0,2496263,736,29,29
398,0,2496398,737,29,29
398,0,2496537,738,29,29
398,0,2496675,739,29,29
400,0,2495504,309,26,26
398,0,2496819,740,29,29
400,0,2495563,310,26,26
398,0,2496954,741,29,29
400,0,2495699,311,26,26
398,0,2497074,742,29,29
400,0,2495836,312,26,26
398,0,2497201,743,29,29
398,0,2497362,744,29,29
397,1,2505100,348,42,42
398,0,2497495,745,29,29
398,0,2497630,746,29,29
400,0,2496397,313,26,26
400,0,2496526,314,26,26
397,1,2505468,349,42,42
400,0,2496655,315,26,26
399,0,2497043,407,22,22
397,1,2505926,350,42,42
399,0,2497134,408,22,22
399,0,2497222,409,22,22
399,0,2497317,410,22,22
399,0,2498210,411,23,23
399,0,2498289,412,23,23
399,0,2498513,413,23,23
399,0,2498617,414,23,23
399,0,2498975,415,23,23
399,0,2499086,416,23,23
399,0,2499195,417,23,23
399,0,2499314,418,23,23
399,0,2499543,419,23,23
399,0,2499764,420,23,23
399,0,2499874,421,23,23
399,0,2499999,422,23,23
399,0,2500114,423,23,23
400,0,2501774,316,26,26
400,0,2501878,317,26,26
400,0,2501988,318,26,26
400,0,2502105,319,26,26
400,0,2502234,320,26,26
400,0,2502359,321,26,26
400,0,2502488,322,26,26
400,0,2502604,323,26,26
400,0,2502737,324,26,26
400,0,2502874,325,26,26
400,0,2503006,326,26,26
400,0,2503142,327,26,26
400,0,2503275,328,26,26
400,0,2503403,329,26,26
400,0,2503536,330,26,26
400,0,2503657,331,26,26
397,1,2517595,351,43,43
397,1,2517713,352,43,43
397,1,2531104,353,43,43
397,1,2531410,354,43,43
397,1,2531645,355,43,43
397,1,2531892,356,43,43
397,1,2555825,357,43,43
397,1,2556016,358,43,43
397,1,2556122,359,43,43
397,1,2556239,360,43,43
397,1,2557170,361,44,44
397,1,2576290,362,44,44
397,1,2576693,363,44,44
397,1,2576888,364,44,44
397,1,2577002,365,44,44
397,1,2577245,366,44,44
397,1,2578184,367,45,45
397,1,2613757,368,45,45
397,1,2614156,369,45,45
397,1,2614662,370,45,45
397,1,2635637,371,45,45
400,1,2626675,238,17,9
400,1,2626772,239,17,9
400,1,2627046,240,17,9
400,1,2627167,241,17,9
397,1,2636622,372,46,46
397,1,2636848,373,46,46
400,1,2628093,242,18,10
400,0,2646589,332,26,26
400,0,2646690,333,26,26
400,0,2646796,334,26,26
400,0,2646901,335,26,26
400,0,2647831,336,27,27
400,0,2648940,337,27,27
400,0,2649412,338,27,27
400,0,2649517,339,27,27
400,0,2649622,340,27,27
400,0,2649732,341,27,27
400,0,2649837,342,27,27
400,0,2649938,343,27,27
400,0,2654562,344,27,27
397,1,2667799,374,46,46
397,1,2667964,375,46,46
400,0,2662130,345,27,27
400,0,2662240,346,27,27
400,0,2662352,347,27,27
400,0,2662680,348,27,27
397,1,2699766,376,46,46
397,1,2699923,377,46,46
397,1,2700835,378,47,47
397,1,2727647,379,47,47
397,1,2728118,380,47,47
400,1,2719976,243,18,10
400,1,2720187,244,18,10
400,1,2720300,245,18,10
400,1,2720409,246,18,10
400,1,2720526,247,19,10
400,1,2720643,248,19,10
400,1,2720760,249,19,10
400,1,2720884,250,19,10
400,1,2727579,251,19,10
400,1,2727708,252,19,10
400,1,2750285,253,19,10
400,1,2750628,254,19,10
400,1,2751782,255,19,10
400,1,2752102,256,19,10
400,1,2753173,257,20,11
400,1,2753618,258,20,11
400,1,2753774,259,20,11
400,1,2753888,260,20,11
400,1,2754004,261,20,11
400,1,2754138,262,20,11
400,1,2754274,263,20,11
400,1,2754407,264,20,11
400,1,2754781,265,20,11
400,1,2755078,266,20,11
400,1,2755346,267,20,11
400,1,2755432,268,20,11
397,1,2767649,381,47,47
397,1,2767834,382,47,47
400,1,2758544,269,20,11
400,1,2758708,270,20,11
397,1,2768964,383,48,48
399,0,2760124,424,23,23
399,0,2760610,425,23,23
399,0,2760821,426,23,23
399,0,2761049,427,23,23
399,0,2762076,428,24,24
399,0,2762196,429,24,24
399,0,2762314,430,24,24
399,0,2762547,431,24,24
399,0,2762661,432,24,24
399,0,2762786,433,24,24
399,0,2762904,434,24,24
399,0,2763027,435,24,24
399,0,2763138,436,24,24
399,0,2763267,437,24,24
399,0,2763530,438,24,24
399,0,2763640,439,24,24
399,0,2763754,440,24,24
399,0,2763877,441,24,24
399,0,2763999,442,24,24
397,1,2781232,384,48,48
397,1,2783399,385,48,48
400,0,2781528,349,27,27
400,0,2781620,350,27,27
400,0,2781917,351,27,27
400,0,2782007,352,27,27
400,0,2782917,353,28,28
400,0,2798485,354,28,28
400,0,2798566,355,28,28
400,0,2798652,356,28,28
400,0,2798742,357,28,28
400,0,2798843,358,28,28
400,0,2798948,359,28,28
400,0,2799057,360,28,28
400,0,2799171,361,28,28
400,0,2799280,362,28,28
400,0,2799397,363,28,28
400,0,2799514,364,28,28
400,0,2799635,365,28,28
400,0,2799752,366,28,28
400,0,2799881,367,28,28
400,0,2799997,368,28,28
400,0,2800130,369,28,28
397,1,2814377,386,48,48
397,1,2814671,387,48,48
397,1,2815227,388,48,48
398,0,2820263,747,29,29
398,0,2820375,748,29,29
398,0,2820495,749,29,29
398,0,2820622,750,29,29
398,0,2821543,751,30,30
398,0,2821610,752,30,30
398,0,2821745,753,30,30
398,0,2821884,754,30,30
398,0,2822011,755,30,30
398,0,2822154,756,30,30
398,0,2822285,757,30,30
398,0,2822428,758,30,30
398,0,2822575,759,30,30
398,0,2822706,760,30,30
398,0,2822841,761,30,30
398,0,2822969,762,30,30
398,0,2823131,763,30,30
398,0,2823258,764,30,30
398,0,2823390,765,30,30
398,0,2823528,766,30,30
398,0,2823663,767,30,30
398,0,2823794,768,30,30
398,0,2823945,769,30,30
398,0,2824076,770,30,30
398,0,2824207,771,30,30
398,0,2824350,772,30,30
398,0,2824493,773,30,30
398,0,2824624,774,30,30
398,0,2824770,775,30,30
398,0,2824918,776,30,30
398,0,2825053,777,30,30
398,0,2825183,778,30,30
398,0,2825322,779,30,30
398,0,2825457,780,30,30
398,0,2825592,781,30,30
398,0,2825739,782,30,30
398,0,2825878,783,30,30
398,0,2826013,784,30,30
398,0,2826156,785,30,30
398,0,2826291,786,30,30
398,0,2826433,787,30,30
398,0,2826580,788,30,30
398,0,2826716,789,30,30
398,0,2826877,790,30,30
398,0,2827016,791,30,30
398,0,2827159,792,30,30
398,0,2827310,793,30,30
398,0,2827448,794,30,30
398,0,2827595,795,30,30
398,0,2827738,796,30,30
398,0,2827892,797,30,30
398,0,2828039,798,30,30
398,0,2828178,799,30,30
398,0,2828316,800,30,30
398,0,2828455,801,30,30
398,0,2829138,802,30,30
398,0,2829261,803,30,30
400,0,2828185,370,28,28
398,0,2829396,804,30,30
400,0,2828294,371,28,28
398,0,2829532,805,30,30
400,0,2828387,372,28,28
398,0,2829663,806,30,30
400,0,2828492,373,28,28
398,0,2829802,807,30,30
398,0,2829948,808,30,30
400,0,2829404,374,29,29
400,0,2829495,375,29,29
400,0,2829623,376,29,29
400,0,2829767,377,29,29
400,0,2829885,378,29,29
400,0,2829998,379,29,29
400,0,2830114,380,29,29
400,0,2830231,381,29,29
400,0,2830356,382,29,29
400,0,2830481,383,29,29
400,0,2830606,384,29,29
400,0,2830739,385,29,29
400,0,2830860,386,29,29
400,0,2830988,387,29,29
400,0,2831106,388,29,29
400,0,2831226,389,29,29
400,0,2831354,390,29,29
400,0,2831483,391,29,29
400,0,2831611,392,29,29
400,0,2831736,393,29,29
400,0,2831865,394,29,29
400,0,2831982,395,29,29
400,0,2832122,396,29,29
400,0,2832243,397,29,29
400,0,2832388,398,29,29
400,0,2833397,399,29,29
400,0,2853282,400,29,29
400,0,2853384,401,29,29
400,0,2853493,402,29,29
400,0,2853824,403,29,29
400,0,2854747,404,30,30
400,0,2854760,405,30,30
400,0,2854877,406,30,30
398,0,2856071,809,30,30
400,0,2854990,407,30,30
398,0,2856183,810,30,30
400,0,2855099,408,30,30
398,0,2856323,811,30,30
400,0,2855217,409,30,30
398,0,2856441,812,30,30
400,0,2855342,410,30,30
400,0,2855462,411,30,30
400,0,2855579,412,30,30
400,0,2855661,413,30,30
400,0,2855847,414,30,30
398,0,2857363,813,31,31
398,0,2857399,814,31,31
398,0,2857542,815,31,31
398,0,2857676,816,31,31
398,0,2857796,817,31,31
399,0,2856566,443,24,24
399,0,2856643,444,24,24
398,0,2857935,818,31,31
399,0,2856723,445,24,24
398,0,2858071,819,31,31
399,0,2856918,446,24,24
398,0,2858206,820,31,31
398,0,2858333,821,31,31
398,0,2858467,822,31,31
398,0,2858599,823,31,31
398,0,2858745,824,31,31
398,0,2859054,825,31,31
399,0,2857929,447,25,25
399,0,2857947,448,25,25
399,0,2858011,449,25,25
399,0,2858133,450,25,25
399,0,2858248,451,25,25
399,0,2858316,452,25,25
399,0,2858377,453,25,25
399,0,2858487,454,25,25
399,0,2858605,455,25,25
399,0,2858678,456,25,25
399,0,2858728,457,25,25
399,0,2858850,458,25,25
399,0,2859105,459,25,25
399,0,2859231,460,25,25
399,0,2859341,461,25,25
399,0,2859459,462,25,25
399,0,2859574,463,25,25
399,0,2859692,464,25,25
399,0,2859809,465,25,25
399,0,2859939,466,25,25
399,0,2860072,467,25,25
399,0,2860152,468,25,25
399,0,2860190,469,25,25
399,0,2860312,470,25,25
399,0,2860431,471,25,25
399,0,2860553,472,25,25
399,0,2860670,473,25,25
399,0,2860789,474,25,25
399,0,2860911,475,25,25
399,0,2861040,476,25,25
399,0,2861277,477,25,25
399,0,2861394,478,25,25
399,0,2861517,479,25,25
399,0,2861654,480,25,25
399,0,2861768,481,25,25
399,0,2861886,482,25,25
399,0,2862005,483,25,25
399,0,2862123,484,25,25
399,0,2862248,485,25,25
399,0,2862359,486,25,25
399,0,2862481,487,25,25
399,0,2862607,488,25,25
399,0,2862763,489,25,25
399,0,2862827,490,25,25
399,0,2862877,491,25,25
399,0,2863006,492,25,25
399,0,2863117,493,25,25
399,0,2863353,494,25,25
399,0,2863399,495,25,25
399,0,2863597,496,25,25
399,0,2863730,497,25,25
400,1,2870962,271,20,11
400,1,2871164,272,20,11
400,1,2871395,273,20,11
398,0,2873462,826,31,31
398,0,2873520,827,31,31
398,0,2873612,828,31,31
398,0,2873720,829,31,31
398,0,2873825,830,31,31
398,0,2873932,831,31,31
398,0,2874044,832,31,31
398,0,2874164,833,31,31
398,0,2874284,834,31,31
398,0,2874403,835,31,31
398,0,2874523,836,31,31
398,0,2874647,837,31,31
398,0,2874770,838,31,31
398,0,2874897,839,31,31
398,0,2875032,840,31,31
398,0,2875163,841,31,31
398,0,2875295,842,31,31
398,0,2875429,843,31,31
398,0,2875560,844,31,31
398,0,2875688,845,31,31
398,0,2875824,846,31,31
398,0,2875951,847,31,31
398,0,2876086,848,31,31
398,0,2876224,849,31,31
398,0,2876356,850,31,31
398,0,2876483,851,31,31
398,0,2876615,852,31,31
398,0,2876893,853,31,31
398,0,2877043,854,31,31
398,0,2877166,855,31,31
400,0,2879750,415,30,30
400,0,2879847,416,30,30
400,0,2879948,417,30,30
400,0,2880076,418,30,30
400,0,2881039,419,31,31
400,1,2889726,274,20,11
400,1,2890589,275,21,11
400,1,2890674,276,21,11
397,1,2913911,389,48,48
397,1,2915015,390,49,49
397,1,2915091,391,49,49
400,0,2907557,420,31,31
400,0,2907767,421,31,31
400,0,2908091,422,31,31
400,0,2908271,423,31,31
400,0,2909420,424,32,32
398,0,2922314,856,32,32
398,0,2922350,857,32,32
398,0,2922450,858,32,32
398,0,2922570,859,32,32
398,0,2922693,860,32,32
398,0,2922809,861,32,32
398,0,2922933,862,32,32
398,0,2923048,863,32,32
398,0,2923171,864,32,32
398,0,2923299,865,32,32
398,0,2923419,866,32,32
398,0,2923546,867,32,32
398,0,2923677,868,32,32
398,0,2923801,869,32,32
398,0,2923932,870,32,32
398,0,2924063,871,32,32
398,0,2924198,872,32,32
398,0,2924329,873,32,32
398,0,2924465,874,32,32
398,0,2924592,875,32,32
398,0,2924724,876,32,32
398,0,2924862,877,32,32
398,0,2924997,878,32,32
398,0,2925128,879,32,32
398,0,2925267,880,32,32
398,0,2925403,881,32,32
398,0,2925538,882,32,32
398,0,2925669,883,32,32
398,0,2925804,884,32,32
398,0,2925935,885,32,32
398,0,2926078,886,32,32
398,0,2926217,887,32,32
398,0,2926278,888,32,32
398,0,2926391,889,32,32
398,0,2926511,890,32,32
398,0,2982459,891,32,32
398,0,2982563,892,32,32
398,0,2982679,893,32,32
398,0,2982787,894,32,32
398,0,2983685,895,33,33
398,0,2983732,896,33,33
398,0,2983844,897,33,33
398,0,2983968,898,33,33
398,0,2984080,899,33,33
398,0,2984200,900,33,33
398,0,2984323,901,33,33
398,0,2984438,902,33,33
398,0,2984554,903,33,33
398,1,2988934,127,9,3
398,1,2989038,128,9,3
398,1,2989127,129,9,3
398,1,2989219,130,9,3
398,1,2989313,131,10,3
398,1,2989409,132,10,3
398,1,2989501,133,10,3
398,1,2989605,134,10,3
398,1,2989732,135,10,3
398,1,2989841,136,10,3
398,1,2989976,137,10,3
398,1,2990096,138,10,3
398,1,2990208,139,10,3
398,1,2990315,140,10,3
398,1,2990428,141,10,3
398,1,2990535,142,10,3
398,1,2990655,143,10,3
398,1,2990764,144,10,3
398,1,2990879,145,10,3
398,0,3032343,904,33,33
398,0,3032439,905,33,33
398,0,3032532,906,33,33
398,0,3032629,907,33,33
398,0,3033531,908,34,34
398,0,3033713,909,34,34
398,0,3033942,910,34,34
398,0,3034072,911,34,34
398,0,3034184,912,34,34
398,0,3034303,913,34,34
398,0,3034438,914,34,34
398,0,3034555,915,34,34
398,0,3034671,916,34,34
398,0,3034798,917,34,34
398,0,3034917,918,34,34
398,0,3035048,919,34,34
398,0,3035312,920,34,34
398,0,3035716,921,34,34
398,0,3035847,922,34,34
398,0,3035982,923,34,34
398,0,3036098,924,34,34
398,0,3036225,925,34,34
398,0,3036473,926,34,34
398,0,3036735,927,34,34
400,0,3046273,425,32,32
400,0,3046546,426,32,32
400,0,3046827,427,32,32
400,0,3047049,428,32,32
400,0,3048084,429,33,33
400,0,3048109,430,33,33
400,0,3048233,431,33,33
400,0,3048354,432,33,33
400,0,3048647,433,33,33
400,0,3048760,434,33,33
400,0,3048885,435,33,33
400,0,3049003,436,33,33
398,0,3058604,928,34,34
398,0,3058701,929,34,34
398,0,3058790,930,34,34
398,0,3058885,931,34,34
398,0,3059792,932,35,35
398,0,3059893,933,35,35
398,0,3060132,934,35,35
398,0,3068210,935,35,35
398,0,3068303,936,35,35
398,0,3068391,937,35,35
398,0,3068487,938,35,35
398,0,3068596,939,35,35
398,0,3068700,940,35,35
398,0,3068820,941,35,35
398,0,3068928,942,35,35
398,0,3069039,943,35,35
398,0,3069148,944,35,35
398,0,3069267,945,35,35
398,0,3069387,946,35,35
398,0,3069502,947,35,35
398,0,3069622,948,35,35
398,0,3069746,949,35,35
398,0,3069874,950,35,35
398,0,3070124,951,35,35
398,0,3070247,952,35,35
398,0,3070363,953,35,35
398,0,3070486,954,35,35
398,0,3070606,955,35,35
398,0,3070737,956,35,35
398,0,3070865,957,35,35
398,0,3070988,958,35,35
398,0,3071116,959,35,35
398,0,3071243,960,35,35
398,0,3071374,961,35,35
398,0,3071498,962,35,35
398,0,3071767,963,35,35
398,0,3071991,964,35,35
398,0,3072122,965,35,35
398,0,3072235,966,35,35
398,0,3072347,967,35,35
398,0,3072466,968,35,35
398,0,3072586,969,35,35
398,0,3072705,970,35,35
398,0,3072825,971,35,35
398,0,3072983,972,35,35
398,0,3073103,973,35,35
398,0,3073226,974,35,35
398,0,3073349,975,35,35
398,0,3073492,976,35,35
398,0,3073933,977,35,35
398,0,3099364,978,35,35
398,0,3099460,979,35,35
398,0,3099552,980,35,35
398,0,3099650,981,35,35
398,0,3100559,982,36,36
397,1,3187139,392,49,49
397,1,3187421,393,49,49
397,1,3187758,394,49,49
397,1,3188008,395,49,49
398,0,3197135,983,36,36
398,0,3197259,984,36,36
398,0,3197494,985,36,36
398,0,3197606,986,36,36
398,0,3198524,987,37,37
398,0,3198595,988,37,37
398,0,3198710,989,37,37
398,0,3198815,990,37,37
398,0,3198938,991,37,37
398,0,3199057,992,37,37
398,0,3199169,993,37,37
398,0,3199301,994,37,37
398,0,3199409,995,37,37
398,0,3199517,996,37,37
398,0,3199660,997,37,37
398,0,3199791,998,37,37
398,0,3199906,999,37,37
398,0,3200131,1000,37,37
398,0,3200246,1001,37,37
398,0,3200362,1002,37,37
398,0,3200482,1003,37,37
398,0,3200601,1004,37,37
398,0,3200717,1005,37,37
398,0,3200836,1006,37,37
398,0,3200964,1007,37,37
398,0,3201087,1008,37,37
398,0,3201257,1009,37,37
398,0,3201455,1010,37,37
398,0,3201685,1011,37,37
398,0,3201802,1012,37,37
398,0,3201925,1013,37,37
398,0,3202044,1014,37,37
398,0,3202164,1015,37,37
398,0,3202284,1016,37,37
398,0,3202404,1017,37,37
398,0,3202527,1018,37,37
397,1,3220450,396,50,50
397,1,3220563,397,50,50
397,1,3220697,398,50,50
397,1,3220833,399,50,50
400,0,3213811,437,33,33
400,0,3214038,438,33,33
400,0,3214220,439,33,33
400,0,3214435,440,33,33
400,0,3215349,441,34,34
400,0,3215386,442,34,34
400,0,3215511,443,34,34
400,0,3215639,444,34,34
400,0,3215776,445,34,34
400,0,3215904,446,34,34
400,0,3216025,447,34,34
400,0,3216150,448,34,34
400,0,3216275,449,34,34
400,0,3216392,450,34,34
400,0,3216517,451,34,34
400,0,3216645,452,34,34
400,0,3216758,453,34,34
400,0,3216879,454,34,34
400,0,3217004,455,34,34
400,0,3217125,456,34,34
400,0,3217254,457,34,34
400,0,3217390,458,34,34
400,0,3217503,459,34,34
400,0,3217628,460,34,34
400,0,3217741,461,34,34
397,1,3232340,400,50,50
397,1,3232443,401,50,50
397,1,3232658,402,50,50
397,1,3232776,403,50,50
397,1,3232893,404,50,50
397,1,3233018,405,50,50
397,1,3233147,406,50,50
397,1,3233269,407,50,50
397,1,3233387,408,50,50
397,1,3233508,409,50,50
400,0,3233180,462,34,34
400,0,3233277,463,34,34
400,0,3233371,464,34,34
400,0,3233469,465,34,34
400,0,3233574,466,34,34
400,0,3233679,467,34,34
400,0,3233788,468,34,34
400,0,3233901,469,34,34
400,0,3234019,470,34,34
400,0,3234136,471,34,34
400,0,3234252,472,34,34
400,0,3234369,473,34,34
400,0,3234491,474,34,34
400,0,3234612,475,34,34
400,0,3234732,476,34,34
398,1,3236103,146,10,3
398,1,3236210,147,10,3
398,1,3236319,148,10,3
398,1,3236427,149,10,3
398,1,3236527,150,11,3
398,1,3236628,151,11,3
398,1,3236736,152,11,3
398,1,3236847,153,11,3
398,1,3236947,154,11,3
398,1,3237059,155,11,3
398,1,3237176,156,11,3
398,1,3237287,157,11,3
398,1,3237403,158,11,3
398,1,3237511,159,11,3
398,1,3237619,160,11,3
398,1,3237735,161,11,3
398,1,3237851,162,11,3
398,1,3237966,163,11,3
398,1,3238082,164,11,3
398,1,3238201,165,11,3
398,1,3238322,166,11,3
398,1,3238437,167,11,3
398,1,3238557,168,11,3
398,1,3238676,169,11,3
398,1,3238796,170,11,3
398,1,3238927,171,11,3
398,1,3239047,172,11,3
398,1,3239175,173,11,3
398,1,3239305,174,11,3
398,1,3239429,175,11,3
398,1,3239703,176,11,3
398,1,3239819,177,11,3
398,1,3239933,178,11,3
398,1,3240054,179,11,3
398,1,3240170,180,11,3
398,1,3240285,181,11,3
398,1,3240401,182,11,3
398,1,3240528,183,11,3
398,1,3240792,184,11,3
398,1,3240899,185,11,3
399,1,3259721,289,19,19
399,1,3259999,290,19,19
399,1,3261113,291,20,20
399,1,3261431,292,20,20
399,1,3261675,293,20,20
398,0,3283100,1019,37,37
398,0,3283201,1020,37,37
397,1,3292727,410,50,50
398,0,3283289,1021,37,37
397,1,3292825,411,50,50
398,0,3283374,1022,37,37
397,1,3292928,412,50,50
397,1,3293033,413,50,50
398,0,3284280,1023,38,38
398,0,3284335,1024,38,38
397,1,3293952,414,51,51
398,0,3284451,1025,38,38
398,0,3284571,1026,38,38
398,0,3284802,1027,38,38
398,0,3284910,1028,38,38
398,0,3285033,1029,38,38
398,0,3285280,1030,38,38
398,0,3285396,1031,38,38
398,0,3285512,1032,38,38
398,0,3285632,1033,38,38
398,0,3285751,1034,38,38
398,0,3285890,1035,38,38
398,0,3286013,1036,38,38
398,0,3286133,1037,38,38
398,0,3286260,1038,38,38
398,0,3286387,1039,38,38
398,0,3286511,1040,38,38
398,0,3286638,1041,38,38
398,0,3286762,1042,38,38
398,0,3286885,1043,38,38
398,0,3287175,1044,38,38
398,0,3287286,1045,38,38
398,0,3287410,1046,38,38
398,0,3287522,1047,38,38
399,0,3290816,498,25,25
399,0,3290939,499,25,25
399,0,3291045,500,25,25
399,0,3291148,501,25,25
399,0,3292182,502,26,26
399,0,3292512,503,26,26
399,0,3292626,504,26,26
399,0,3292890,505,26,26
397,1,3325393,415,51,51
397,1,3325503,416,51,51
397,1,3325613,417,51,51
397,1,3325726,418,51,51
397,1,3326654,419,52,52
398,0,3318682,1048,38,38
398,0,3318782,1049,38,38
398,0,3318883,1050,38,38
398,0,3318975,1051,38,38
398,0,3319881,1052,39,39
398,0,3319959,1053,39,39
398,0,3320087,1054,39,39
398,0,3320199,1055,39,39
398,0,3320322,1056,39,39
398,0,3320611,1057,39,39
398,0,3320862,1058,39,39
398,0,3320958,1059,39,39
398,0,3321074,1060,39,39
398,0,3321183,1061,39,39
398,0,3321294,1062,39,39
398,0,3321406,1063,39,39
398,0,3321530,1064,39,39
398,0,3321653,1065,39,39
398,0,3321784,1066,39,39
398,0,3321908,1067,39,39
398,0,3322035,1068,39,39
398,0,3322163,1069,39,39
398,0,3322421,1070,39,39
398,0,3322549,1071,39,39
398,0,3322815,1072,39,39
398,0,3322926,1073,39,39
398,0,3323038,1074,39,39
398,0,3323161,1075,39,39
398,0,3323296,1076,39,39
398,0,3323420,1077,39,39
398,0,3323536,1078,39,39
398,0,3323667,1079,39,39
398,0,3323795,1080,39,39
398,0,3323918,1081,39,39
398,0,3324038,1082,39,39
398,0,3324161,1083,39,39
398,0,3324424,1084,39,39
398,0,3324531,1085,39,39
398,0,3324655,1086,39,39
398,0,3324782,1087,39,39
398,0,3324906,1088,39,39
398,0,3325037,1089,39,39
398,0,3325160,1090,39,39
398,0,3325310,1091,39,39
398,0,3325442,1092,39,39
398,0,3325561,1093,39,39
398,0,3325692,1094,39,39
398,0,3325828,1095,39,39
398,0,3325959,1096,39,39
398,0,3326086,1097,39,39
398,0,3326221,1098,39,39
398,0,3326353,1099,39,39
398,0,3326484,1100,39,39
398,0,3326611,1101,39,39
398,0,3326858,1102,39,39
398,0,3326985,1103,39,39
398,0,3327109,1104,39,39
398,0,3327240,1105,39,39
398,0,3327363,1106,39,39
398,0,3327488,1107,39,39
398,0,3327610,1108,39,39
398,0,3327734,1109,39,39
398,0,3327869,1110,39,39
398,0,3328001,1111,39,39
398,0,3328143,1112,39,39
398,0,3328267,1113,39,39
398,0,3328386,1114,39,39
398,0,3328521,1115,39,39
398,0,3328668,1116,39,39
398,0,3342848,1117,39,39
398,0,3342952,1118,39,39
398,0,3343055,1119,39,39
398,0,3343164,1120,39,39
398,0,3344081,1121,40,40
398,0,3344095,1122,40,40
398,0,3344217,1123,40,40
398,0,3344345,1124,40,40
398,0,3344467,1125,40,40
398,0,3344599,1126,40,40
398,0,3344727,1127,40,40
398,0,3344846,1128,40,40
398,0,3344973,1129,40,40
398,0,3345096,1130,40,40
398,0,3345228,1131,40,40
398,0,3345510,1132,40,40
398,0,3345622,1133,40,40
398,0,3345737,1134,40,40
398,0,3345857,1135,40,40
398,0,3345988,1136,40,40
399,1,3345975,294,20,20
399,1,3346150,295,20,20
399,1,3346344,296,20,20
399,1,3346550,297,20,20
399,1,3347577,298,21,21
399,1,3347773,299,21,21
399,1,3348014,300,21,21
397,1,3373336,420,52,52
397,1,3373443,421,52,52
397,1,3373555,422,52,52
397,1,3373658,423,52,52
397,1,3374588,424,53,53
397,1,3374695,425,53,53
397,1,3374836,426,53,53
397,1,3375126,427,53,53
397,1,3375247,428,53,53
397,1,3375372,429,53,53
397,1,3375513,430,53,53
397,1,3375639,431,53,53
397,1,3375771,432,53,53
397,1,3375908,433,53,53
397,1,3376030,434,53,53
397,1,3376159,435,53,53
397,1,3376284,436,53,53
397,1,3376421,437,53,53
397,1,3376559,438,53,53
397,1,3376703,439,53,53
397,1,3376840,440,53,53
397,1,3376986,441,53,53
397,1,3377119,442,53,53
397,1,3377256,443,53,53
397,1,3377381,444,53,53
399,0,3373173,506,26,26
399,0,3373371,507,26,26
399,0,3373470,508,26,26
399,0,3373565,509,26,26
399,0,3381222,510,27,27
399,0,3404110,511,27,27
399,0,3404201,512,27,27
399,0,3404286,513,27,27
399,0,3404382,514,27,27
399,0,3405279,515,28,28
399,0,3405341,516,28,28
399,0,3405452,517,28,28
399,0,3405582,518,28,28
397,1,3417053,445,53,53
397,1,3417158,446,53,53
397,1,3417268,447,53,53
397,1,3417373,448,53,53
397,1,3418297,449,54,54
397,1,3418345,450,54,54
397,1,3428584,451,54,54
397,1,3428678,452,54,54
397,1,3428784,453,54,54
397,1,3428901,454,54,54
397,1,3429014,455,54,54
397,1,3429136,456,54,54
397,1,3429262,457,54,54
397,1,3429383,458,54,54
397,1,3429512,459,54,54
397,1,3429638,460,54,54
397,1,3429775,461,54,54
397,0,3443808,108,9,9
397,0,3443898,109,9,9
397,0,3443988,110,9,9
397,0,3444093,111,9,9
397,0,3445013,112,10,10
397,0,3445170,113,10,10
397,0,3445276,114,10,10
397,0,3445405,115,10,10
397,0,3445531,116,10,10
399,1,3459905,301,21,21
399,1,3459951,302,21,21
399,1,3460111,303,21,21
399,1,3460465,304,21,21
399,1,3461462,305,22,22
399,1,3461525,306,22,22
397,0,3481152,117,10,10
397,0,3481336,118,10,10
397,0,3481422,119,10,10
397,0,3481536,120,10,10
397,0,3482451,121,11,11
397,1,3488707,462,54,54
397,1,3488809,463,54,54
397,1,3488907,464,54,54
397,1,3489016,465,54,54
399,1,3478042,307,22,22
397,1,3489932,466,55,55
399,0,3496060,519,28,28
399,0,3496625,520,28,28
399,0,3496830,521,28,28
399,0,3496933,522,28,28
399,0,3497956,523,29,29
399,0,3498190,524,29,29
399,0,3498305,525,29,29
399,0,3498533,526,29,29
399,0,3498647,527,29,29
399,0,3498769,528,29,29
399,0,3498892,529,29,29
399,0,3499123,530,29,29
397,0,3510589,122,11,11
397,0,3510766,123,11,11
397,0,3510965,124,11,11
397,0,3511188,125,11,11
399,0,3515156,531,29,29
399,0,3515258,532,29,29
399,0,3515346,533,29,29
399,0,3515537,534,29,29
399,0,3515639,535,29,29
399,0,3515739,536,29,29
399,0,3515846,537,29,29
399,0,3515949,538,29,29
399,0,3516052,539,29,29
399,0,3516269,540,29,29
399,0,3516376,541,29,29
399,0,3516486,542,29,29
399,0,3516589,543,29,29
399,0,3516699,544,29,29
399,0,3516798,545,29,29
397,1,3537026,467,55,55
397,1,3537123,468,55,55
397,1,3537228,469,55,55
397,1,3537331,470,55,55
397,1,3540237,471,56,56
397,1,3540359,472,56,56
397,1,3540481,473,56,56
399,1,3537518,308,22,22
399,1,3537872,309,22,22
399,1,3537991,310,22,22
399,1,3538181,311,22,22
399,1,3539094,312,23,23
399,1,3539526,313,23,23
399,1,3539809,314,23,23
399,1,3540274,315,23,23
399,1,3540383,316,23,23
399,1,3540632,317,23,23
399,1,3540852,318,23,23
399,1,3541009,319,23,23
399,1,3541120,320,23,23
399,1,3546126,321,23,23
399,1,3546228,322,23,23
399,1,3546266,323,23,23
399,1,3548290,324,23,23
399,1,3548389,325,23,23
399,1,3548480,326,23,23
399,1,3548579,327,23,23
399,1,3548998,328,23,23
399,1,3550874,329,23,23
399,1,3550973,330,23,23
397,0,3564443,126,12,12
399,0,3566891,546,29,29
399,0,3566982,547,29,29
399,0,3567172,548,29,29
399,0,3570244,549,29,29
399,0,3571130,550,30,30
400,0,3575311,477,34,34
400,0,3575408,478,34,34
400,0,3576312,479,35,35
400,0,3576415,480,35,35
400,0,3576540,481,35,35
400,0,3576660,482,35,35
400,0,3576785,483,35,35
400,0,3576922,484,35,35
400,0,3577042,485,35,35
400,0,3577187,486,35,35
400,0,3577312,487,35,35
400,0,3577428,488,35,35
400,0,3577550,489,35,35
400,0,3577678,490,35,35
400,0,3577807,491,35,35
400,0,3577935,492,35,35
400,0,3578073,493,35,35
400,0,3578201,494,35,35
400,0,3578334,495,35,35
400,0,3578462,496,35,35
400,0,3578583,497,35,35
400,0,3578712,498,35,35
400,0,3578845,499,35,35
400,0,3578970,500,35,35
400,0,3579109,501,35,35
400,0,3579231,502,35,35
400,0,3579352,503,35,35
400,0,3579484,504,35,35
400,0,3579613,505,35,35
400,0,3579745,506,35,35
400,0,3579870,507,35,35
400,0,3580010,508,35,35
400,0,3580146,509,35,35
400,0,3580275,510,35,35
400,0,3580407,511,35,35
400,0,3580532,512,35,35
400,0,3580665,513,35,35
400,0,3580789,514,35,35
400,0,3581176,515,35,35
400,0,3581308,516,35,35
400,0,3581445,517,35,35
400,0,3581582,518,35,35
400,0,3581699,519,35,35
400,0,3581827,520,35,35
400,0,3581953,521,35,35
400,0,3582089,522,35,35
400,0,3582210,523,35,35
397,1,3599833,474,56,56
397,1,3599989,475,56,56
397,1,3600099,476,56,56
397,1,3600232,477,56,56
397,1,3601167,478,57,57
399,0,3591305,551,30,30
399,1,3605528,331,23,23
399,1,3605616,332,23,23
399,1,3605798,333,23,23
399,1,3606664,334,23,23
399,1,3607584,335,24,24
397,1,3620533,479,57,57
397,1,3620634,480,57,57
397,1,3620737,481,57,57
397,1,3620846,482,57,57
397,1,3621753,483,58,58
400,0,3616457,524,35,35
400,0,3616550,525,35,35
400,0,3616645,526,35,35
400,0,3616742,527,35,35
400,0,3617653,528,36,36
400,0,3617771,529,36,36
400,0,3617892,530,36,36
400,0,3618013,531,36,36
400,0,3618138,532,36,36
400,0,3618258,533,36,36
400,0,3618368,534,36,36
399,0,3619732,552,30,30
399,0,3619896,553,30,30
399,0,3619988,554,30,30
399,0,3620888,555,31,31
399,0,3620925,556,31,31
399,0,3622098,557,31,31
399,0,3622289,558,31,31
399,0,3622967,559,31,31
399,0,3623010,560,31,31
399,0,3623215,561,31,31
399,0,3623299,562,31,31
399,0,3623409,563,31,31
399,0,3623516,564,31,31
399,0,3623755,565,31,31
399,0,3623877,566,31,31
399,0,3623993,567,31,31
399,0,3624221,568,31,31
400,1,3644293,277,21,11
400,1,3644422,278,21,11
400,1,3644554,279,21,11
400,1,3644745,280,21,11
400,1,3645707,281,22,12
400,1,3646020,282,22,12
400,1,3646160,283,22,12
400,1,3646313,284,22,12
400,1,3646765,285,22,12
397,0,3659334,127,12,12
397,0,3659577,128,12,12
400,0,3671246,535,36,36
400,0,3671340,536,36,36
400,0,3671441,537,36,36
400,0,3671546,538,36,36
400,0,3672461,539,37,37
397,1,3686087,484,58,58
397,1,3686219,485,58,58
399,1,3694718,336,24,24
399,1,3694898,337,24,24
399,1,3695161,338,24,24
399,1,3695459,339,24,24
399,1,3696481,340,25,25
399,0,3698536,569,31,31
399,0,3698723,570,31,31
397,1,3719301,486,58,58
397,1,3720189,487,58,58
397,1,3721101,488,59,59
397,1,3721345,489,59,59
400,0,3718980,540,37,37
400,0,3719061,541,37,37
400,0,3719237,542,37,37
400,0,3719326,543,37,37
400,0,3720238,544,38,38
400,0,3720251,545,38,38
400,0,3720368,546,38,38
400,1,3725970,286,22,12
399,0,3727522,571,31,31
399,0,3727610,572,31,31
399,0,3728500,573,32,32
399,0,3728601,574,32,32
399,0,3728941,575,32,32
400,1,3733487,287,22,12
400,1,3733597,288,22,12
400,1,3734548,289,22,12
400,1,3735498,290,23,13
397,1,3752000,490,59,59
400,0,3748463,547,38,38
400,0,3748639,548,38,38
397,1,3760246,491,59,59
400,0,3748732,549,38,38
400,0,3748938,550,38,38
397,1,3760654,492,59,59
397,1,3760971,493,59,59
400,0,3749850,551,39,39
399,0,3756997,576,32,32
399,0,3757259,577,32,32
399,0,3757440,578,32,32
397,1,3777469,494,60,60
398,0,3769884,1137,40,40
398,0,3769997,1138,40,40
398,0,3770089,1139,40,40
398,0,3770177,1140,40,40
398,0,3771096,1141,41,41
398,0,3771185,1142,41,41
398,0,3771309,1143,41,41
398,0,3771424,1144,41,41
398,0,3771547,1145,41,41
398,0,3771667,1146,41,41
398,0,3771798,1147,41,41
398,0,3771933,1148,41,41
398,0,3772061,1149,41,41
398,0,3772181,1150,41,41
398,0,3772315,1151,41,41
398,0,3772447,1152,41,41
398,0,3772578,1153,41,41
398,0,3772728,1154,41,41
398,0,3772856,1155,41,41
398,0,3772983,1156,41,41
398,0,3773122,1157,41,41
398,0,3773261,1158,41,41
398,0,3773381,1159,41,41
398,0,3773523,1160,41,41
398,0,3773786,1161,41,41
398,0,3773913,1162,41,41
398,0,3774045,1163,41,41
398,0,3774176,1164,41,41
398,0,3774307,1165,41,41
398,0,3774434,1166,41,41
398,0,3774562,1167,41,41
398,0,3774693,1168,41,41
398,0,3774820,1169,41,41
398,0,3774951,1170,41,41
398,0,3775214,1171,41,41
398,0,3775333,1172,41,41
398,0,3775468,1173,41,41
398,0,3775603,1174,41,41
398,0,3775730,1175,41,41
398,0,3775854,1176,41,41
398,0,3775985,1177,41,41
398,0,3776132,1178,41,41
398,0,3776263,1179,41,41
398,0,3776390,1180,41,41
398,0,3776521,1181,41,41
398,0,3776653,1182,41,41
398,0,3776780,1183,41,41
398,0,3776915,1184,41,41
398,0,3777046,1185,41,41
398,0,3777181,1186,41,41
398,0,3777312,1187,41,41
398,0,3777443,1188,41,41
398,0,3777571,1189,41,41
398,0,3777714,1190,41,41
398,0,3777845,1191,41,41
398,0,3777980,1192,41,41
398,0,3778126,1193,41,41
398,0,3778254,1194,41,41
398,0,3778381,1195,41,41
398,0,3778512,1196,41,41
398,0,3778648,1197,41,41
397,1,3792385,495,60,60
397,1,3792690,496,60,60
397,1,3793081,497,60,60
397,1,3793320,498,60,60
397,1,3793445,499,60,60
397,1,3804995,500,60,60
397,1,3805175,501,60,60
397,1,3805282,502,60,60
397,1,3805387,503,60,60
397,1,3806405,504,61,61
400,1,3797254,291,23,13
400,1,3797344,292,23,13
400,1,3797437,293,23,13
400,1,3797527,294,23,13
400,1,3797628,295,24,13
400,1,3797734,296,24,13
400,1,3797842,297,24,13
400,1,3797952,298,24,13
400,1,3798069,299,24,13
400,1,3798190,300,24,13
400,1,3798310,301,24,13
400,1,3798431,302,24,13
400,1,3798552,303,24,13
398,1,3804019,186,11,3
398,1,3804139,187,11,3
398,1,3804251,188,11,3
398,1,3804375,189,11,3
399,1,3803753,341,25,25
398,1,3805296,190,12,4
398,1,3805313,191,12,4
398,1,3805466,192,12,4
399,1,3804103,342,25,25
398,1,3805617,193,12,4
398,1,3805728,194,12,4
398,1,3805844,195,12,4
399,1,3804453,343,25,25
398,1,3805979,196,12,4
398,1,3806114,197,12,4
399,1,3804762,344,25,25
398,1,3806242,198,12,4
400,0,3806198,552,39,39
399,1,3805789,345,26,26
400,0,3806467,553,39,39
400,0,3806794,554,39,39
400,0,3807012,555,39,39
400,0,3808068,556,40,40
397,0,3835028,129,12,12
398,0,3824284,1198,41,41
397,0,3835207,130,12,12
398,0,3824376,1199,41,41
398,0,3824477,1200,41,41
398,0,3824574,1201,41,41
398,0,3825480,1202,42,42
398,0,3825496,1203,42,42
398,0,3825619,1204,42,42
398,0,3825751,1205,42,42
398,0,3825873,1206,42,42
398,0,3825997,1207,42,42
398,0,3826124,1208,42,42
398,0,3826251,1209,42,42
398,0,3826375,1210,42,42
398,0,3826499,1211,42,42
398,0,3826633,1212,42,42
398,0,3826761,1213,42,42
398,0,3826892,1214,42,42
398,0,3827023,1215,42,42
398,0,3827163,1216,42,42
398,0,3827290,1217,42,42
398,0,3827429,1218,42,42
398,0,3827560,1219,42,42
399,0,3831343,579,32,32
400,0,3832007,557,40,40
400,0,3832143,558,40,40
400,0,3832354,559,40,40
400,0,3832495,560,40,40
399,0,3832305,580,33,33
400,0,3833628,561,41,41
397,1,3863793,505,61,61
397,1,3863985,506,61,61
399,0,3861955,581,33,33
399,0,3867004,582,33,33
399,1,3908593,346,26,26
397,0,3921367,131,13,13
397,0,3921480,132,13,13
397,0,3921598,133,13,13
397,0,3921715,134,13,13
400,0,3924543,562,41,41
400,0,3924722,563,41,41
400,0,3925125,564,41,41
400,0,3925272,565,41,41
400,0,3926285,566,42,42
399,1,3928507,347,26,26
399,1,3929738,348,26,26
397,0,3942692,135,13,13
397,1,3945197,507,61,61
397,1,3945444,508,61,61
397,1,3946489,509,62,62
399,0,3943761,583,33,33
399,0,3944166,584,33,33
399,0,3945234,585,34,34
399,0,3969238,586,34,34
399,0,3979594,587,34,34
399,0,3981903,588,34,34
397,1,4006468,510,62,62
397,1,4006758,511,62,62
397,1,4007031,512,62,62
397,1,4007379,513,62,62
399,1,4002489,349,26,26
397,0,4023848,136,13,13
397,0,4023962,137,13,13
397,0,4024456,138,13,13
397,0,4025375,139,14,14
400,0,4027117,567,42,42
400,0,4027312,568,42,42
400,0,4040838,569,42,42
400,0,4040921,570,42,42
400,0,4041921,571,43,43
397,1,4056387,514,63,63
397,0,4073700,140,14,14
400,1,4062920,304,24,13
400,1,4063022,305,24,13
400,1,4063126,306,24,13
400,1,4063236,307,24,13
400,1,4064143,308,25,14
397,1,4120039,515,63,63
397,1,4120239,516,63,63
397,1,4120520,517,63,63
397,1,4120775,518,63,63
397,1,4143035,519,64,64
399,0,4164912,589,34,34
399,0,4165972,590,35,35
399,0,4166166,591,35,35
400,1,4175041,309,25,14
400,1,4175127,310,25,14
400,1,4175287,311,25,14
400,1,4175478,312,25,14
400,1,4176982,313,26,15
400,1,4177439,314,26,15
